,55001,55003,55005,55007,55009,55011,55013,55015,55017,55019,55021,55023,55025,55027,55029,55031,55033,55035,55039,55043,55045,55047,55049,55053,55055,55057,55059,55061,55063,55065,55067,55069,55071,55073,55075,55077,55079,55081,55083,55085,55087,55089,55093,55095,55097,55099,55101,55103,55105,55107,55109,55111,55113,55115,55117,55119,55121,55123,55125,55127,55129,55131,55133,55135,55137,55139,55141
0,0.1506198679761713,0.0,0.008251489293189503,0.006721944936403156,0.05598937369183706,0.0,0.017267750764772178,0.0,0.012316857188858476,0.0,0.009700531315408148,0.017992271775881502,0.08839156335533731,0.03389148285300274,0.0,0.011833843181452261,0.0,0.005192400579616809,0.0,0.0,0.0,0.0,0.0,0.0011672838512316857,0.014490420222186443,0.05103848011592336,0.0,0.0,0.0002817581709869586,0.014812429560457254,0.0,0.006440186765416197,0.0,0.006601191434551602,0.0,0.01308162936725165,0.13327161487683142,0.030912896473997746,0.0,0.0,0.046168088874577365,0.004709386572210594,0.0004025116728385123,0.0021735630333279666,0.008130735791337948,0.005957172758009982,0.0001207535018515537,0.0006037675092577685,0.013846401545644824,0.0032200933827080985,0.0,0.023909193366607632,0.0025358235388826277,0.0,0.01899855095797778,0.0,0.020447592980196425,0.012477861857993882,0.003984865561101272,0.01106907100305909,0.0,0.009056512638866527,0.02676702624376107,0.022017388504266624,0.0,0.025680244727097085,0.0474561262276606
1,0.0,0.4638812276274866,0.007452614283199343,0.022005750836218533,0.01543336658646793,0.0,0.008391526318878,0.004635878176163371,0.003990376151634294,0.0,0.005692154216301861,0.007980752303268588,0.02229916084736811,0.020597382782700544,0.0,0.03614811337362831,0.042309723607769495,0.015902822604307257,0.0,0.0,0.0,0.0,0.0032275101226453846,0.003520920133794965,0.0,0.00539874420515228,0.0026406901003462237,0.0017604600668974825,0.019365060735872307,0.0,0.0,0.0036382841382547972,0.0,0.02247520685405786,0.0,0.0,0.01754591866674491,0.003344874127105217,0.012205856463822546,0.009799894372395986,0.007452614283199343,0.0,0.0,0.007452614283199343,0.011795082448213133,0.000704184026758993,0.004107740156094126,0.01437709054632944,0.0034035561293351327,0.0,0.03286192124875301,0.011677718443753302,0.0102106683880054,0.030221231148406785,0.0,0.0,0.005692154216301861,0.0,0.0003520920133794965,0.0,0.006396338243060853,0.003462238131565049,0.02024529076932105,0.011501672437063553,0.004401150167243706,0.0021125520802769793,0.029927821137257202
2,0.009617208543571456,0.007170226488106529,0.4176182707993475,0.014511172654501308,0.00165029022345309,0.0026556394400394554,0.0,0.0,0.033442088091353996,0.0,0.0,0.0,0.014454266095071892,0.003793770628627793,0.0021624492583178423,0.006468378921810387,0.03112788800789104,0.08446830304639781,0.0213209909328882,0.0,0.0,0.009294738040138093,0.0035282066846238475,0.0,0.011381311885883379,0.0,0.005102621495504382,0.015876930080807313,0.0,0.0,0.0,0.0,0.0,0.014036951325922834,0.0,0.003357487006335597,0.020448423688303807,0.005538905117796578,0.0020676049926021474,0.010565651200728403,0.0,0.004837057551500436,0.007928980613832088,0.03970180962858986,0.0,0.008554952767555673,0.0,0.0,0.0,0.0,0.04252816874691756,0.021510679464319588,0.033271368413065744,0.011855533214461854,0.0004362836222921962,0.0,0.004230054250919989,0.00165029022345309,0.017318562919685875,0.0,0.02532341894609052,0.0004173147691490572,0.0013278197200197277,0.0,0.0008346295382981145,0.0,0.02661330095982397
3,0.017857142857142856,0.0419000933706816,0.023284313725490197,0.14425770308123248,0.027836134453781514,0.0,0.0006419234360410831,0.0024509803921568627,0.0,0.005952380952380952,0.004785247432306256,0.0,0.02888655462184874,0.01184640522875817,0.0,0.050070028011204484,0.048902894491129785,0.027836134453781514,0.0008169934640522876,0.00857843137254902,0.0,0.0,0.0,0.011029411764705883,0.004668534080298786,0.0,0.008928571428571428,0.04551820728291316,0.029528478057889822,0.005835667600373483,0.004843604108309991,0.0,0.010620915032679739,0.03092903828197946,0.005952380952380952,0.0,0.18539915966386555,0.0014005602240896359,0.0,0.0,0.039857609710550884,0.006477591036414566,0.0,0.014239028944911298,0.028478057889822595,0.00834500466853408,0.0,0.0010504201680672268,0.0,0.011788048552754435,0.0007002801120448179,0.0,0.020891690009337067,0.0,0.009337068160597572,0.0,0.0,0.005485527544351073,0.00029178338001867413,0.0005835667600373483,0.0,0.010620915032679739,0.01715686274509804,0.0,0.016048085901027076,0.00834500466853408,0.009745564892623716
4,0.0,0.0,0.011198138851961349,0.002894402666719578,0.5600036707077521,0.0,0.0,0.015362407984285403,0.00742822278219806,0.0,0.0,0.005141471060933748,0.003226750530764499,0.02049643842139725,0.0029068037064227466,0.0,0.00015129268437865832,0.0,0.0,0.04618891247842219,0.0,0.01014653068513264,0.0016046945375900316,0.002170181948054525,0.0,0.0027927141411535944,0.008326058056707475,0.006649437488839064,0.0005158832516518185,0.0,0.0013616341594079248,0.007338935296335245,0.0025967777138435288,0.0050497033671303,0.010905474314966567,0.022525248516835652,0.015035020536121749,0.014576182067104506,0.0031994682434175283,0.01154288775570944,0.01326663227444989,0.0,0.0,0.019067838647592213,0.0,0.011121252405801703,0.0,0.003903847298557511,0.0,0.006384055239191254,0.02217305898926566,0.0,0.0008159884124685013,0.005079465862417905,0.005580467866425921,0.00300849223198873,0.0,0.0,0.0,0.0,0.027279807139030537,0.0034722911168872397,0.0073190936328101745,0.0292912557788845,0.013150062501240104,0.01181571062917915,0.015935336018571798
5,0.0,0.0007426202116467603,0.005383996534439012,0.0,0.005136456463890092,0.12327495513336222,0.004888916393341172,0.013243393774367226,0.0467850733337459,0.006497926851909153,0.0009901602821956804,0.0,0.041524846834581346,0.0,0.0002475400705489201,0.0039606411287827215,0.04133919178166966,0.11071229655300452,0.0,0.0,0.020360170802648677,0.0020422055820285907,0.006188501763723002,0.0,0.028343338077851353,0.0034655609876848817,0.011015533139426945,0.0,0.14908100748808714,0.0006188501763723002,0.0073024320811931435,0.0,0.010891763104152484,0.0,0.016275759638591496,0.0,0.03917321616436661,0.02543474224890154,0.005940961693174082,0.0003094250881861501,0.006869236957732533,0.004703261340429482,0.011263073209975865,0.0,0.004703261340429482,0.0,0.006312271798997462,0.004888916393341172,0.0,0.016708954762052107,0.06609319883656167,0.014790519215297976,0.0,0.0005569651587350702,0.008292592363388824,0.0,0.018874930379355156,0.010087257874868494,0.016585184726777648,0.005569651587350702,0.026424902531097222,0.0,0.0035893310229593418,0.015409369391670277,0.0,0.016337644656228726,0.010767993068878025
6,0.00415296764146046,0.010094018572994174,0.046432485435773205,0.0,0.010843859952702314,0.0,0.2212608871200323,0.0,0.021918440329930206,0.0,0.004787448808905808,0.0,0.04210647747591856,0.002422564457518602,0.0,0.011016900271096499,0.05237353636730692,0.13237584357155216,0.00842129549518371,0.016092749610659283,0.0,0.0,0.0,0.0,0.013900905577666264,0.005825690719270924,0.0,0.0,0.0033454461556209265,0.0,0.0,0.013381784622483706,0.0,0.0008652015919709292,0.004845128915037204,0.013727865259272077,0.003806887004672089,0.0,0.0,0.012804983561169752,0.03137797773547903,0.018284593643652303,0.010324738997519756,0.06696660321854993,0.009805618042337198,0.011593701332410451,0.028320932110515083,0.0,0.007440733690949991,0.004326007959854646,0.04170271673299879,0.0014996827594162773,0.002422564457518602,0.0,0.0134394647286151,0.0,0.0,0.0,0.0,0.0,0.040606794716502276,0.0037492068985406934,0.018746034492703467,0.0,0.0,0.0,0.03258925996423834
7,0.0,0.0,0.008835130925869322,0.007758030944791348,0.025457403606829396,0.0018922026694613045,0.0,0.21181025573846848,0.0,0.017204488886948168,0.0055456093620365925,0.002125089151856542,0.023536090127068688,0.0,0.0049488377508987965,0.0,0.0,0.0013536526789223178,0.008660466064072893,0.0,0.0,0.01138232682706723,0.006637264748264268,0.0,0.027975488697727903,0.006127825568024686,0.013187197065630322,0.016796937542756504,0.0,0.004803283699401773,0.0,0.0,0.03870282229305853,0.004686840458204154,0.006317045834970817,0.01586539161317555,0.023201315808625535,0.0,0.016476718629463052,0.0022415323930541605,0.2580382224939231,0.023812642824913032,0.01087288764682765,0.0,0.0,0.013085309229582405,0.00013099864634732108,0.0009606567398803545,0.012561314644193121,0.0,0.0033768539947309434,0.0,0.0,0.0,0.0,0.0025326404960482073,0.005618386387785104,0.01136777142191753,0.012954310583235084,0.0,0.0017175378076648763,0.01653494025006186,0.006855595825509803,0.007277702574851171,0.0,0.07742019999126676,0.021352779354613334
8,0.0,0.0,0.04756638607356136,0.0032005828703763938,0.010395389078986742,0.0,0.0,0.011397197538413499,0.3753138782997879,0.0009497664615344583,0.007806299683844863,0.015261315881916707,0.010278294583729069,0.005425378280272179,0.008430803658552451,0.0,0.03689777650564005,0.23450124250269969,0.0014441654415112996,0.0,0.0,0.0005594514773422152,0.0005464409778691404,0.0003903149841922431,0.0024069424025188325,0.0,0.0013791129441459258,0.0,0.007871352181210236,0.0,0.0032135933698494686,0.0,0.0,0.0,7.806299683844863e-05,0.0,0.0,0.0,0.017707289782854765,0.0,0.010239263085309844,0.0226903110810424,0.006843522722837329,0.017837394777585513,0.006388155241279713,0.012164817007324911,0.004709800809253067,0.007455016198071844,0.005568493774476002,0.006375144741806638,0.009640780109548405,0.013010499473074772,0.0007806299683844862,0.006908575220202703,0.0,0.0031355303730110197,0.020010148189589,0.012151806507851836,0.0,0.0,0.0,0.001027829458372907,0.008079520172779433,0.0,0.005464409778691404,0.007832320682791011,0.008664992649067798
9,0.0,0.001275568311238668,0.008291194023051342,0.0,0.044485444854448546,0.004897271194934171,0.0,0.03630814085918637,0.026786934536012028,0.16302218577741334,0.0,0.0011389002778916678,0.029839187280761695,0.0007972301945241675,0.0,0.02259578151337069,0.0,0.07225183362944741,0.004920049200492005,0.0,0.016787390096123185,0.025875814313698692,0.0010705662612181678,0.0029155847114026696,0.006742289645118673,0.03936039360393604,0.010773996628855177,0.00022778005557833357,0.036103138809165866,0.004965605211607672,0.0,0.007835633911894674,0.023461345724568358,0.07268461573504624,0.0016172383946061683,0.0,0.051592182588492554,0.009589540339847843,0.0,0.0029839187280761696,0.007288961778506674,0.0,0.022846339574506856,0.006491731583982506,0.03740148512596237,0.007812855906336841,0.0,0.017607398296205185,0.0,0.006241173522846339,0.0,0.0,0.0,0.0,0.0,0.005831169422805339,0.009111202223133342,0.015990159901599015,0.0,0.003143364766981003,0.02232244544667669,0.004305043050430504,0.00719784975627534,0.015238485718190515,0.0,0.011343446767801012,0.0686301307457519
10,0.001135685269579651,0.011138451682415807,0.0039312182408526375,0.0,0.0,0.0,0.012026615803497329,0.0011065651344622238,0.0,0.0,0.21902709628572675,0.0016889678368107628,0.21329042966759365,0.001849128579956611,0.0,0.0,0.0,0.0,0.02050057512266857,0.0015288070936649147,0.015419111544677568,0.012419737627582592,0.007847876414146561,0.00943492377804633,0.01924840931261921,0.0,0.004717461889023165,0.0,0.009609644588750892,0.0,0.0014705668234300607,0.0,0.0,0.01828744485374412,0.0,0.0050523434428735746,0.04999927199662207,0.007192673374004455,0.0,0.005023223307756148,0.007498434792737438,0.006712191144566911,0.03174094727799537,0.025450998092631148,0.0,0.0,0.011153011749974519,0.0,0.02045689491999243,0.0004950422969962581,0.0,0.05404697077794441,0.020020092893231024,0.0,0.018549526069800964,0.011094771479739666,0.01530263100420786,0.0,0.0,0.0,0.009449483845605044,0.002970253781977548,0.04529637017515761,0.015448231679794994,0.006610270671655916,0.015084229990827158,0.029673417684658056
11,0.014646489221935672,0.010510437448299353,0.0,0.0008758697873582794,0.019415113619775194,0.006179747944138971,0.0,0.008758697873582794,0.029049681280716267,0.0,0.007639530923069437,0.26460999464746243,0.06369519731399932,0.01454917035667364,0.0,0.003357500851540071,0.007152936596759282,0.018198627803999806,0.003454819716802102,0.04457204029001022,0.00836942241253467,0.0,0.02729794170599971,0.0028222470925989003,0.013430003406160284,0.011434966668288648,0.010899712909347476,0.0,0.02457301347866284,0.0,0.0,0.018441924967154882,0.0,0.006909639433604204,0.030071529365967593,0.009683227093572088,0.09581042285046956,0.015376380711400905,0.0,0.018831200428203007,0.0014111235462994501,0.013138046810374192,0.005060580993625614,0.013186706243005207,0.0,0.0004379348936791397,0.0013138046810374192,0.019415113619775194,0.005206559291518661,0.0,0.0018977178726096054,0.0,0.0,0.011921560994598804,0.010802394044085445,0.001216485815775388,0.0011678263831443726,0.01119166950513357,0.010364459150406307,0.025400223833390103,0.0,0.021410150357646828,0.024281056882876746,0.006812320568342173,0.0,0.0,0.003746776312588195
12,0.00047715511445216085,0.017961275247650735,0.0019693492905571,0.0,0.011390993914103404,0.0,0.004233667197320991,0.0,0.0,0.0013143454516273158,0.022559315441462467,0.0,0.6609263460473482,0.0009499724551365748,0.0,0.015344151741110094,0.0052891921474727405,0.006185665392807104,0.007909207503191878,0.01874352045043443,0.0033053836110231508,0.006824764061255149,0.0,0.0,0.006703306395758235,0.0,0.0,0.00796270671299409,0.0,0.0005118573045941362,0.0054525816260578746,0.0,0.0,0.0,0.0,0.0,0.0208242059343637,0.0003687107702584879,0.0,0.0016310029366728407,0.011023729068434164,0.00686524994975412,0.0,0.0,0.021208821875103926,0.0,0.0,0.0,0.007745818024606744,0.0,0.019744100266194716,0.020420792973963237,0.005903710097903554,0.0,0.007988733355600571,0.0,0.004768659295343111,0.004180167987518779,0.0,0.0,0.0,0.015328246570628356,0.025133061210325637,0.001305669904091822,0.01954456267287836,0.0,0.0
13,0.0017159328165811517,0.00732863917229487,0.0,0.0,0.00999129354285183,0.01977126531026263,0.0,0.006635503748848296,0.016407022645241458,0.0,0.01577305731891837,0.004606814704614422,0.08191677303196031,0.2960787131349163,0.0034656771172328683,0.0,0.0,0.004674437672755552,0.022839657489666366,0.0,0.0,0.004057378088467748,0.0007015882944642148,0.0,0.07066600170747994,0.0,0.002020236173216233,0.01844416456049297,0.008799438729364428,0.003414959891127021,0.0036854517636915377,0.017674953297887628,0.0,0.0,0.0021892935935690556,0.00954329137891685,0.10789244566917153,0.0,0.00030430335663508113,0.0,0.00437013431612047,0.0,0.009086836343964228,0.0024006153690100842,0.008537399727817554,0.0,0.0033219783099329688,0.0,0.02518110276155296,0.0031951852446683517,0.00798796311167088,0.008765627245293865,0.011081713904127537,0.012865269688849818,0.006677768103936502,0.0,0.013085044335308488,0.00651716355460132,0.0065594279096895265,0.006576333651724808,0.002273822303745467,0.03938192607119008,0.06563654345198347,0.008554305469852835,0.0,0.007345544914330152,0.0
14,0.0,0.0,0.006890684814972352,0.01996313625407628,0.14269105345243158,0.002438678576492273,0.007486176095278605,0.014291790727350064,0.0,0.014348504182617326,0.008960725932227421,0.00314759676733305,0.03280873387211116,0.0,0.2809584573940167,0.0,0.010888983411314335,0.0,0.011739685240323266,0.0006522047355735148,0.0019282574790869134,0.0,0.0,0.005671345526726216,0.0,0.0,0.0,0.035275769176237065,0.009754714305969091,0.006947398270239614,0.010378562313908974,0.008223451013753012,0.0171558202183468,0.001786473840918758,0.02364951084644832,0.004820643697717284,0.09116687934212392,0.0,0.015652913653764356,0.0,0.035899617184176946,0.0,0.0,0.0,0.0,0.001389479654047923,0.004934070608251808,0.010293492131008082,0.010945696866581596,0.014348504182617326,0.0,0.0,0.010888983411314335,0.006465333900467886,0.03638168155394868,0.0,0.0,0.008535375017722955,0.006238480079398838,0.013724656174677443,0.011626258329788742,0.010605416134978023,0.023252516659577484,0.0,0.0,0.0,0.004792286970083652
15,0.018560010169868586,0.004131509113155679,0.014380829797714958,0.007277812207020388,0.0025424671465573406,0.0,0.0015731515469323545,0.016303570577298948,0.0,0.0011441102159508033,0.0,0.013713432171743655,0.0,0.004322194149147479,0.0,0.6171521189874625,0.00352767316584831,0.019290969474503823,0.005609318142092133,0.014047130984729306,0.01048767697954903,0.0015254802879344042,0.0,0.0,0.0,0.0,0.0006356167866393351,0.0026695905038852078,0.0,0.018655352687864488,0.00338465938885446,0.004147399532821662,0.0,0.010360553622221163,0.0,0.003861371978833961,0.03928111741431091,0.0,0.0010646581176208863,0.0,0.0,0.0,0.0019068503599180054,0.0,0.03295673038724953,0.0,0.008453703262303158,0.006610414581049086,0.0,0.013379733358758005,0.01871891436652842,0.0,0.0,0.0014936994486024376,0.00823123738697939,0.005370961847102382,0.012330965660803102,0.0015254802879344042,0.0018591791009200554,0.0,0.0,0.010281101523891245,0.0331791962625733,0.004052057014825762,0.0,0.0,0.0
16,0.003385320173813454,0.04109542897564591,0.002694782227911207,0.008690672685013643,0.00771381412739583,0.010290699632835921,0.009532792131235894,0.005153771010880184,0.019452959207734023,0.014888671809209419,0.0,0.004816923232391282,0.0,0.0,0.0,0.04651867820931721,0.41870178866170377,0.0745612557685182,0.0,0.0012631791693333782,0.011772829858187086,0.0029137332839289927,0.0,0.0045306026206757164,0.0,0.016067639033920573,0.0,0.0036716407855290193,0.022956176104018594,0.00584430895678243,0.0,0.006231683902044666,0.005322194900124633,0.0044463906760534916,0.0,1.6842388924445044e-05,0.007056960959342473,0.014669720753191633,0.0,0.0014821302253511639,0.003957961397244585,0.0,0.018408731094418433,0.017313975814329505,0.002762151783608987,0.0,0.0,0.00938121063091589,0.0,0.0,0.035621652575201265,0.0,0.0,0.0,0.02881732744972547,0.020884562266311853,0.0061306295684979955,0.00774749890524472,0.006871694681173578,0.0003536901674133459,0.0,0.0,0.03897328797116583,0.0,0.005793781790009095,0.0,0.0212382524337252
17,0.0,0.020522867420349436,0.0,0.0,0.0,0.0,0.0,0.0,0.037922340698869475,0.006953365878725591,0.0,0.008173818088386433,0.005789118705035971,0.009474563206577595,0.0,0.016733042137718396,0.01410746402877698,0.6418053057553957,0.0,0.0021036742034943475,0.0,0.001493448098663926,0.00716212744090442,0.004135084789311408,0.028817124871531347,0.009273830935251798,0.0,0.0060621145940390544,0.019181975847893114,0.0,0.006078173175745118,0.0,0.0,0.001718268242548818,0.019744026207605344,0.013441032887975334,0.003950411099691675,0.025926580164439876,8.02929085303186e-05,0.014966598150051387,0.0014131551901336073,0.0010036613566289825,0.009386241007194245,0.003677415210688592,0.0,0.0007146068859198355,0.0,0.0,0.007451181911613566,0.0,0.006832926515930113,0.028239015930113052,0.0,0.00014452723535457348,0.0,0.0,0.0,0.0,0.0,0.007322713257965056,0.0004496402877697842,0.0001605858170606372,0.007057746659815005,0.0,0.0,0.0005299331963001028,0.0
18,0.0,0.015732637525881114,0.00954426151276545,0.0039793412920159175,0.006827225775663672,0.0,0.0009390321810946652,0.015139969673878742,0.006057527266569685,0.0,0.013084874654597794,0.0,0.03255054994958475,0.011945720861138692,0.0,0.004702857890564266,0.0,0.0,0.5320156094857644,0.0,0.0057111629374773905,0.0008389713749124468,0.028832906150660788,0.008751472048398642,0.002232125676372565,0.0,0.005210858906566298,0.0,0.0,0.0,0.0,0.0,0.011753296233865194,0.0,0.02082804165608331,5.387889563657915e-05,0.07168971913701404,0.013554390745145127,0.0,0.0,0.007019650402937169,0.0,0.022475196465544446,0.01844967326298289,0.003048006096012192,0.005880496609478068,0.0,0.0,0.0,0.0006927286581845891,0.0025630960352829796,0.0,0.0,0.0,0.011630144472410156,0.0001462427167278577,0.034751887685593556,0.0,0.010052262528767482,0.004194856874562234,0.0027940055880111762,0.02025076777426282,0.0072659539258472456,0.0027093387520108372,4.618191054563927e-05,0.022582954256817604,0.001470124152369517
19,0.007555534741410262,0.0,0.0,0.0029972369222123355,0.0,0.0,0.0,0.016906289514353953,0.0,0.0,0.011489408201813952,0.013393902496136374,0.11028895237203204,0.0031533430119108944,0.028942069030112864,0.0,0.013799778329352629,0.0,0.008304843971963346,0.36809815950920244,0.0040743689411323935,0.0,0.017593156309027615,0.0,0.026522424639785196,0.0,0.023821789288000123,0.03175197864468693,0.007415039260681559,0.01945081877644047,1.5610608969855914e-05,0.0,0.0,0.009569303298521676,0.0,0.0,0.05921103982266348,9.366365381913548e-05,0.028395697716167907,0.012004558297819198,0.01589159993131332,0.0,0.0016235033328650152,0.0,0.00023415913454783872,0.008648277369300177,0.01654724550804727,0.007352596824802136,0.02027818105184283,0.0020606003840209805,0.0,0.005838367754726112,0.0,0.0,0.010240559484225479,0.0,0.0,0.015813546886464042,0.0,0.0018420518584429978,0.001467397243166456,0.011770399163271359,0.01425248598947845,0.0,0.020543561404330384,0.016094537847921447,0.004651961473017063
20,0.010650078933107137,0.0069743879738931695,0.0,7.06863646002686e-05,0.01017883650243868,0.0,0.0,0.0,0.0,0.0004712424306684574,0.001272354562804835,0.0024268985179425554,0.257369053509578,0.0,0.0,0.0008717984967366462,0.0,0.0,0.008906481939633844,0.002356212153342287,0.2968356070780613,0.0,0.006102589477156523,0.0,0.0,0.0,0.00508941825121934,0.0,0.0,0.0,0.0,0.0029217030701444357,0.006903701609292901,0.042246883909427206,0.0,0.0,0.08058245564430622,0.0009424848613369148,0.0013194788058716806,0.0,0.018425579039136684,0.0,0.019438750265073867,0.0,0.001248792441271412,0.017624466907000307,0.006597394029358403,0.0,0.058905303833557174,0.0,0.0,0.0,0.0,0.007681251619895855,0.0019792182088075212,0.0,0.017718715393133997,0.004995169765085648,0.008930044061167267,0.0,0.0,0.0062910864494239065,0.030159515562781274,0.0013430409274051037,0.020805353314012395,0.019179566928206215,0.014184397163120567
21,0.008353221957040573,0.0,0.0012359359018070234,0.0,0.04244800545516536,0.0,0.0,0.006691101261506989,0.0002130923968632799,0.0,0.008395840436413228,0.0,0.06252130923968632,0.045516535969996594,0.0,0.002045687009887487,0.0,0.0011933174224343676,0.04351346743948176,0.0,0.0,0.18973747016706444,0.0,0.0,0.016109785202863963,0.0037078077054210705,0.014106716672349131,0.0,0.0099727241732015,0.0002130923968632799,0.0,0.0011506989430617115,0.006520627344016365,0.010228435049437436,0.0038782816229116944,0.007841800204568702,0.13637913399249915,0.01189055574497102,0.0,0.0,0.029577224684623253,0.0,0.0,0.0,0.028852710535288102,0.0,0.03409478349812479,0.0,0.004943743607228094,0.0037504261847937266,0.0,0.019263552676440504,0.013936242754858507,0.016876917831571768,0.0009802250255710877,0.005242072962836686,0.0,0.0004261847937265598,0.027659393112853734,0.002514490282986703,0.0053699284009546535,0.03422263893624276,0.024676099556767816,0.028042959427207637,0.01495908625980225,0.056810433003750424,0.013936242754858507
22,0.0,0.0,0.005822271018398376,0.019928801942975014,0.005755730778188109,0.001264264563995076,0.004325115613667365,0.009581794590278471,0.0054895698173470404,0.002927770569251755,0.0090162025484912,0.00362644309145956,0.2558472236084772,0.0,0.002528529127990152,0.0,0.0,0.0049905180157700365,0.015636956449412782,0.008616961107229598,0.013041887081212363,0.017134111854143794,0.14449213161659513,0.0,0.008517150746914197,0.002129287686728549,0.01394018032405097,0.0,0.0,0.01653524969225139,0.018731077619190205,0.001996207206308015,0.014605582726153641,0.00984795555111954,0.01646870945204112,0.0,0.10067538343813422,0.012343214559004558,0.0,0.0,0.013441128522473967,0.006753834381342117,0.0018631267258874804,0.0,0.025052400439165585,0.0,0.01720065209435406,0.019097048940346674,0.008417340386598795,0.00622151245965998,3.327012010513358e-05,0.03426822370828759,0.004524736334298167,0.007452506903549922,0.026782446684632533,0.0,0.0,0.0,0.00026616096084106864,0.0,0.017965864856772134,0.0049905180157700365,0.015004824167415245,0.01903050870013641,0.0,0.006753834381342117,0.01906377882024154
23,0.0,0.0,0.0,0.0,0.018090363572184964,0.03287151429579951,0.0,0.006839039887045535,0.009839392869749383,0.03181256618425697,0.005868337451464878,0.0,0.05034415813625132,0.013501588422167313,0.024223438051535474,0.02404694669961172,0.01491351923755736,0.053300388280974234,0.013104482880338863,0.0,0.0,0.0,0.014648782209671725,0.23654253441581363,0.015001764913519237,0.007412636780797741,0.0,0.0,0.10232086127779738,0.0,0.007677373808683374,0.0015001764913519238,0.01323685139428168,0.014825273561595482,0.0,0.0,0.05431521355453583,0.025811860218849278,0.0,0.0,0.016590187080833037,0.01358983409812919,0.0,0.0024708789269325803,0.019767031415460642,0.0,0.0,0.0,0.004941757853865161,0.0,0.009574655841863748,0.004632897987998588,0.0,0.009883515707730321,0.0028679844687610305,0.0,0.024973526297211435,0.020517119661136604,0.001941404871161313,0.0,0.0,0.023870455347687964,0.0,0.009354041651959053,0.0036180727144369926,0.020075891281327213,0.019281680197670313
24,0.007197425378121883,0.02358699116773086,0.010806420103437285,0.011371932097432575,0.005480325323627091,0.0,0.0,0.0,0.0018816126345661496,0.0010282036254459833,0.005932734918823324,0.0,0.12937886218986808,0.037776201198885424,0.0,0.003578148616552022,0.0,0.0,0.0024368425923069806,0.013849902834757396,0.0,0.005757940302497507,0.0,0.0,0.2893365002004997,0.011238265626124597,0.03389987353095407,0.010600779378348088,0.0030537647675745704,0.0,0.0,0.00922298652025047,0.01049795901580349,0.006518810985327534,0.0,0.0,0.14410273810625457,0.0,0.001902176707075069,0.0,0.004400711516908809,0.0009562293716647645,0.02396742650914587,0.0,0.012400135722878559,0.0,0.014734157952640941,0.006014991208859002,0.03497948733767235,0.007228271486885263,0.0,0.003022918658811191,1.0282036254459833e-05,0.0,0.002097535395909806,0.0,0.00928467873777723,0.0,0.015083747185292576,0.02285696659366421,0.0,0.0034136360364806647,0.05514256043266809,0.0,0.0,0.003968865994221495,0.0
25,0.014764678104832363,0.0,0.008059184637179286,0.004155517078545569,0.026947898630568234,0.0,0.0012592475995592634,0.0,0.012372107665669763,0.0,0.025121989611207304,0.0,0.14528569179915002,0.010892491736187627,0.0,0.0,0.0,0.016559105934204312,0.0,0.0,0.0018259090193609318,0.016370218794270423,0.0039036675586337165,0.009633244136628364,0.0,0.22027388635290415,0.0,0.0027073823390524163,0.0329922871084527,0.0,0.0005351802298126869,0.017975759483708484,0.0019518337793168583,0.0,0.0,0.004438847788446403,0.04725326617346136,0.01429246025499764,0.005225877538170943,0.0,0.029057138359830002,0.02106091610262868,0.03000157405949945,0.005635133008027703,0.006925861797575948,0.002770344719030379,0.010577679836297812,0.0,0.03547930111758225,0.0,0.015646151424523847,0.029151581929796947,0.0,0.0,0.021942389422320165,0.004848103258303164,0.0,0.0032740437588540845,0.009129545096804659,0.0,0.0,0.0,0.06447347709743428,0.00040925546985676057,0.013190618605383283,0.022634975602077757,0.028994175979852037
26,0.0,0.0,0.004776600999732619,0.0,0.0,0.02763086935044571,0.0,0.0,0.0005075705047154207,0.0,0.006512310850679102,0.012648475702328027,0.01667278470400029,0.028401288866531618,0.01745679985860536,0.006593884681794081,0.0,0.001277990020801327,0.014424972468831999,0.0,0.003960862688582836,0.0,0.0,0.0,0.0010151410094308413,0.0,0.530615112005402,0.0,0.0017583692484784215,0.014361526155742571,0.013908338205103803,0.002220620958129965,0.0,0.0,0.000616335612868725,0.0,0.06892988729215668,0.0,0.0,0.009045631494749818,0.007192092776637255,0.0012236074667246748,0.0,0.0,0.0316823696291563,0.0,0.09204247277473386,0.0027463189808709368,0.006589352802287693,0.0,0.0,0.0,0.0,0.0,0.0015680303092101388,0.009562265758478013,0.0,0.0,0.0,0.029774448356967086,0.005841592683733725,0.0,0.019428167443884002,0.009013908338205104,0.0,0.0,0.0
27,0.0,0.0019205142274829506,0.0,0.023477306576781376,0.21995767029865956,0.0,0.0,0.004468135141490946,0.005134435995923807,0.01681429803245277,0.014854589637062005,0.0,0.02896449008387552,0.0014109900446813515,0.017637375558516893,0.0004311358469859685,0.0,0.0,0.02720075252802383,0.0,0.00744689190248491,0.0,0.009955318648585091,0.002586815081915811,0.0,0.004585717645214392,0.00011758250372344596,0.15054479893391864,0.028572548404797365,0.0,0.00047033001489378383,0.0009406600297875677,0.07207807478247237,0.019440307282276397,0.015520890491494866,0.0,0.08897076115074078,0.0,0.01113114368581955,0.004899270988476915,0.044250215567923495,0.01038645449557106,0.000627106686525045,0.0,0.0,0.0,0.0,0.0,0.0008230775260641217,0.004115387630320608,0.0032531159363486713,0.008269969428549032,0.003449086775887748,0.0222622873716391,0.0,0.0,0.001371795876773536,0.0041545817982284235,0.0,0.0,0.0,0.004742494316845654,0.01665752136082151,0.01113114368581955,0.020106608136709257,0.06302422199576703,0.0018421258916673199
28,0.0008136895621371281,0.0,0.007476155225049403,0.00039766783111964905,0.0018720977895786556,0.010730913473597914,0.009898870011562958,0.0,0.0,0.012554067530115691,0.0017986821899873358,0.010975632138902314,0.011299884370430644,0.0,0.0,0.0,0.0,0.019473487791597584,0.0035667745468116216,0.0019271594892721455,0.0,0.00040378579775225904,0.0,0.005555113702409867,0.028332303475616844,0.0,0.0,0.0010094644943806476,0.6349715208653252,0.0,0.0,0.0004955552972414088,0.002875444317326693,0.015472337613870653,0.0,0.0011624136601958972,0.05930145056988859,0.00420304307660306,0.0,0.009507320147075917,0.009293191314934569,0.0,0.005965017466794736,0.0008136895621371281,0.0,0.0040929196772160805,0.026698806384709978,0.002483894452839654,0.004980024838944528,0.0,0.0,0.005524523869246817,0.005212507570983708,0.0,0.0,0.010694205673802255,0.0,0.006374921231179605,0.0,0.0,0.005298159103840247,0.014793243317650945,0.001235829259787217,0.005842658134142536,0.0,0.002624607685389684,0.03199696548855022
29,0.0,0.0,0.0009354536950420954,0.017149984409105083,0.006369994209096174,0.004899995545458595,0.0,0.009532718606619448,0.0,0.0,0.005122722615706713,0.0,0.1825916521894071,0.002271816116530803,0.0009354536950420954,0.0,0.0,0.03772996570003118,0.0,0.07131720789344737,0.008151810771081118,0.008864537395875095,0.019199073455387766,0.012205443449596865,0.041961780034745426,0.004632723061160853,0.0015145440776872022,0.0009354536950420954,0.015279077019020891,0.1567107666265758,0.0,0.0017818165619849437,0.0,0.00022272707024811796,0.004009087264466123,0.012829079246291595,0.07198538910419172,0.002583634014878168,0.0,0.0011136353512405898,0.00022272707024811796,0.05652813042897234,0.031716334803332,0.00017818165619849435,0.01300726090249009,0.01153726223885251,0.006904539177691657,0.0020936344603323088,0.05167268029756337,0.0,0.0,0.011982716379348746,0.0,0.0,0.0,0.0,0.0,0.0028954519132255332,0.0018709073900841909,0.021159071673571207,0.002182725288431556,0.0015590894917368258,0.042719052073589024,0.0008909082809924718,0.02975633658514856,0.008285447013229988,0.0
30,0.0,0.012722341868070511,0.0,0.03421871261067241,0.050530429927414855,0.0016750418760469012,0.008454973279093883,0.0007577570391640743,0.011924702879476749,0.0,0.0015155140783281486,0.0,0.037050331020180266,0.012722341868070511,0.003509611549812555,0.0,0.008215681582515753,0.003788785195820372,0.019063571827390925,0.0,0.0,0.005025125628140704,0.0,0.0,0.0029512642577969213,0.004985243678711016,0.005423945122437585,0.0,0.00785674403764856,0.012642577969211135,0.36643535135997446,0.0,0.0050650075775703915,0.06157772991943846,0.027757836803062933,0.0012762223817500199,0.04682140863045386,0.012163994576054878,0.005423945122437585,0.010887772194304857,0.045624950147563216,0.002871500358937545,0.00701922309962511,0.0,0.0015553960277578367,0.0,0.006341229959320412,0.00809603573422669,0.011286591688601738,0.0,0.015833133923586186,0.0021935072186328466,0.0,0.021336842944883146,0.0104091888011486,0.0,0.0,0.002353035016351599,0.012642577969211135,0.0028316184095078566,0.010887772194304857,0.009810959559703278,0.013280689160086146,0.0038685490946797478,0.0009172848368828268,0.018545106484804976,0.009850841509132966
31,0.009087801264885191,0.007463962167397869,0.0,0.006894194063016353,0.03239131673408922,0.0038744231097943135,0.0016808159079254744,0.016523275027063983,0.02401572559968093,0.00102558258788673,0.004273260782861376,0.0019372115548971568,0.026636658879835906,0.010255825878867302,0.0,0.0050994245342145745,0.021337815509087803,0.0,0.0,0.0,0.007777334624807703,0.0019372115548971568,0.01279129394336505,0.004501168024613982,0.0,0.0,0.0,0.015697111275710787,0.01586804170702524,0.0,0.005555239017719788,0.3865021936072019,0.0016523275027063985,0.08985243006096519,0.009771522990143012,0.02401572559968093,0.04663551934362714,0.025895960344139934,0.00999943023189562,0.01771978804626517,0.017833741667141474,0.00546977380206256,0.01649478662184491,0.0,0.004244772377642299,0.012534898296393367,0.0,0.003019770953222039,0.0,0.005127912939433651,0.0066377984160446695,0.0,0.0,0.0002279072417526067,0.0,0.0,0.0,0.013332573642527492,0.014870947524357586,0.0018232579340208535,0.0,0.0,0.006951170873454504,0.0018232579340208535,0.0,0.022078514044783774,0.018859324255028204
32,0.0,0.002328905887587689,0.01002565583315188,0.01174866750608261,0.020306923288112167,0.0,0.0,0.01663368961175435,0.01776027416713213,0.0,0.0,0.0,0.010366471328896421,0.008927472569086142,0.002186899431027464,0.0,0.0,0.010735688115953006,0.008974808054606216,0.011474121690066175,0.0,9.467097104014995e-05,0.0003786838841605998,0.010120326804192031,0.015516572153480578,0.0030105368790767687,0.0036637665792538035,0.005093298241960068,0.0,0.01844190515862121,0.0,0.0,0.50127332456049,0.006882579594618902,0.01184333847712276,0.02389495309053385,0.05936816593927804,0.0,0.0,0.0,0.024926866674871484,0.003928845298166223,0.0,0.020714008463584812,0.0,0.0,0.0011928542351058895,0.00864345965596569,0.0,0.0,0.0,0.004960758882503858,0.017561465127947817,0.0040519175605184185,0.017400524477179564,0.001921820712115044,0.0,0.032661485008851736,0.0029063988109326038,0.00036921678705658485,0.002489846538355944,0.02088441621145708,0.005187969213000218,0.0,0.013547415955845458,0.01687036703935472,0.008728663529901827
33,0.009676312993022485,0.00030923719617445474,0.0035028140584851875,0.00771968491540957,0.0030642594893650517,0.0,0.0,0.0,0.009052216106197676,0.0016192784090589632,0.006640165976036928,0.026093996862648083,0.01045783972517247,0.0050771125117369574,0.0,0.0009614465553787594,0.0,0.009485148180841913,0.009963060211293343,0.017317282985769466,0.0,0.0,0.003868276199418634,0.0,0.0,0.004048196022647408,0.007730929904361369,0.0,0.0,0.014298003452211609,0.008765468887926817,0.012526917692303368,0.004531730547574737,0.5241401800322731,0.001017671500137751,0.016305233980107615,0.02093254693377264,0.0,0.0,0.010553422131262756,0.01995985538944208,0.0,0.003109239445172245,0.01012049005661852,0.02468837324367329,0.00030923719617445474,0.029883558139404128,0.0,0.0,0.001394378630022996,0.0,0.002653817392624412,0.0,0.0069662706556390805,0.0,0.004065063506075105,0.008630529020505238,0.0,0.0,0.0,0.0,0.002788757260045992,0.0039357461331294245,0.010491574692027866,0.0065445835699466425,0.039627341066137405,0.075172751142772
34,0.01682271447057928,0.0,0.01558575017127198,0.00667960721625942,0.07440816015833143,0.0011989038593286138,0.0,0.005842277536728325,0.011037527593818985,0.015357387531399863,0.0006279972596483215,0.0,0.0016746593590621908,0.0,0.03522493720027404,0.0,0.01569993149120804,0.0,0.00445307147750628,0.0,0.0,0.004966887417218543,0.0,0.0,0.0,0.0,0.00420567861764482,0.0006279972596483215,0.0,0.0011989038593286138,0.0,0.011170739133744386,0.002892593438380148,0.013530486412422927,0.4288079470198676,0.0,0.051419654411204996,0.001693689579051534,0.028412118444089213,0.0023597472786785413,0.05712872040800792,0.0,0.0010086016594351831,0.028583390423993302,0.009020324274948619,0.0010656923194032122,0.006698637436248763,0.011570373753520592,0.0,0.0,0.0,0.0015795082591154755,0.0031970769582096367,0.018839917789449646,0.008125903935449494,0.0,0.0,0.0,0.0025500494785719724,0.006527365456344675,0.0,0.0,0.023578442566796073,0.015890233691101468,0.021294816168074902,0.012407703433051686,0.015033873791581031
35,0.025689382741220245,0.00591263571028085,0.0,0.0,0.0,0.008002446607880116,0.0,0.013252459350629492,0.022274325908558032,0.02054131199347571,0.037106886181762576,0.0,0.12732555176104796,0.0011723329425556857,0.0,0.0,0.006626229675314746,0.013864111320658545,0.02186655792853866,0.0042305927927009535,0.0,0.008970895560426118,0.0,0.013099546358122228,0.015087415260716653,0.001682042917579897,0.005861664712778429,0.0026504918701258985,0.0026504918701258985,0.0005097099750242112,0.002089810897599266,0.0,0.008206330597889801,0.01952189204342729,0.004587389775217901,0.12039349610071869,0.09766043121463887,0.014271879300677914,0.003313114837657373,0.0,0.09567256231204445,0.017228197155818338,0.0,0.01595392221825781,0.020490340995973293,0.0004587389775217901,0.012436923390590753,0.0,0.0,0.0,0.0037718538151791632,0.017941791120852237,0.0,0.0,0.0019368979050920026,0.0,0.0068810846628268516,0.015750038228248126,0.0,0.03970640705438606,0.002752433865130741,0.04403894184209185,0.012487894388093175,0.010805851470513278,0.0,0.04225495692950711,0.011009735460522963
36,0.0,0.008776068618895901,0.0,0.0,0.0,0.0,0.0070655004701314335,0.0,0.0,0.0,0.0019075836597195446,0.0,0.0041804492968321935,0.0,0.0,0.01636412525113136,0.007508573979747144,0.02303221245882122,0.0059764190190149565,0.0,0.0,0.0,0.0,0.0011448884198848686,0.007719118452827891,0.020174219209773324,0.0,0.007595666673431148,0.0,0.0,0.0,0.00490678545095413,0.0,0.013700610832639975,0.0001987066312207859,0.0,0.6860874917980667,0.00048027815546130377,0.00979835081951688,0.0,0.0,0.020837138353931178,0.005194275896124628,0.004158464733377979,0.00687863168077061,0.0,0.011746521365613436,0.0,0.0,0.0007263361541219365,0.0010265100012852514,0.0,0.0002612780810520121,0.00448485094465978,0.013461317315042177,0.0,0.007040979226278656,0.003475252146031617,0.017303542558732607,0.0003458340943374529,0.00594259661370078,0.0,0.04466164065723698,0.0,0.012641969546306255,0.00252822479723468,0.010667586636091212
37,0.0,0.0,0.005116719786372642,0.0,0.001946765440606426,0.0,0.0,0.0,0.0,0.01641829614953915,0.012300801102592816,0.008596778361615988,0.07738823326729262,0.01157722456714618,0.0,0.0,0.014729950900163666,0.022327504522353346,0.0,0.015143423206133173,0.011025928159186838,0.0,0.0,0.002584201912309415,0.006133172538547679,0.0,0.0,0.0,0.10648634679989663,0.001188732879662331,0.0,0.0,0.0,0.0,0.005512964079593419,0.0,0.030579722628994745,0.3880782151778792,0.0,0.0,0.006770609010250668,0.0,0.021448875872168146,0.005891980360065467,0.0037040227409768285,0.0,0.0060642604875527605,0.013782410198983547,0.023292273236282194,0.022137996382117324,0.0156258075630976,0.002704798001550521,0.011749504694633473,0.0,0.0,0.0,0.014574898785425101,0.01431647859419416,0.002101817555344991,0.009578775088293565,0.0,0.0,0.013523990007752605,0.000516840382461883,0.004307003187182358,0.04866913601516065,0.022103540356619863
38,0.008781620386840676,0.0,0.0002246896474244949,0.0,0.17832868350590747,0.007115172168442339,0.0,0.01153406856779074,0.0025090343962401933,0.005617241185612373,0.0,0.0,0.021738723388319885,0.008369689366562436,0.0024528619843840697,0.0,0.0,0.010953620311944127,0.020802516524051153,0.0025090343962401933,0.0,0.014810792592731289,0.0,0.00572958600932462,0.0008613103151272305,0.01730110285168611,0.0011796206489785982,0.0,0.016065309790851388,0.017806654558391224,0.01042934446795364,0.021345516505327018,0.019585447600501807,0.02443499915741382,0.02544610257082405,0.010279551369670643,0.032299136817271146,0.0,0.17052071825790627,0.008444585915703934,0.09506244499784672,0.01595296496713914,0.0,0.0,0.006497275638024978,0.007115172168442339,0.002752448180950063,0.019435654502218812,0.02057782687662666,0.0001497930982829966,0.050143239650233117,0.0058606549703222426,0.0,0.015990413241709887,0.0044937929484898985,0.0,0.0,0.0,0.0008425861778418559,0.002995861965659932,0.0,0.0,0.015971689104424515,0.0,0.004905723968768139,0.04166120545995843,0.012114516823637352
39,0.0,0.0021019668404006608,0.0038393067799154922,0.005190571177315917,0.04405550908349956,0.0,0.006649078780859232,0.00504043068871587,0.019389571670634664,0.0068850138343735925,0.0006863565193145014,0.0,0.01428479505823306,0.006863565193145014,0.0,0.01147502305728932,0.0,0.019196533899577463,0.0,0.0,0.01816699912060571,0.0,0.0,0.0011582266263432213,0.03182978358321,0.0,0.002659631512343693,0.0042039336808013215,0.019604058082920445,0.0,0.0011153293438860648,0.02580271539797954,0.012697595607318276,0.04133153164747013,0.0,0.00480449563520151,0.026210239581322525,0.004933187482572979,0.0,0.3980224352787251,0.0675846685112498,0.0,0.0103167964309461,0.011903995881860883,0.0016086480921433627,0.0010938807026574866,0.0,0.019496814876777555,0.02423696458829333,0.0,0.004611457864144307,0.012547455118718229,0.0,0.0,0.0,0.0,0.009866374965145959,0.0,0.030542865109495314,0.0019732749930291915,0.002273555970229286,0.0211269116101495,0.0,0.0,0.01183964995817515,0.012225725500289556,0.018553074662720118
40,0.0019847088172920413,0.01358271815859821,0.01211649858265441,0.005677882183944683,0.049409474753398866,0.012235496113455646,0.0,0.04595854636016303,0.0,0.012745485531175228,0.0,0.0,0.005010646029094896,0.002188704584379874,0.0015342181649730768,0.00045474056413329425,0.0,0.0,0.008040833152712082,0.005716131390273652,0.0,0.0,0.0,0.007076103170859205,0.003782421514753569,0.0005439887122342212,0.002358701056953068,0.0022184539670801833,0.0,0.0,0.0,0.0,0.0012494740734129766,0.0587677805685532,0.008334077067900842,0.0,0.005937126804618804,0.00011899753080123588,0.0,0.0010497282181394737,0.5111496436448943,0.010701277948482569,0.003718672837538621,0.004109664724456967,0.004810900173821393,0.0,0.0,0.013093978299950276,0.002358701056953068,0.01932434901975784,0.0,0.00549938588774283,0.003629424689437694,0.019456096286002065,0.0,0.0,0.005346389062426954,0.024934232614673247,0.0,0.0,0.0,0.0,0.0025796964712982207,0.008644320630346921,0.0,0.09127110612454792,0.0012792234561132857
41,0.0017231635801039458,0.0,0.0,0.0,0.04238426547836318,0.0,0.0,0.0,0.01847305472434015,0.0,0.0,0.0,0.02975699687792405,0.012367867631391223,0.003455591480531031,0.007717178829175197,0.012682854522377966,0.004400552153491259,0.005771671561315904,0.005901372045839857,0.005336248506128348,0.0,0.0,0.0003335155316330217,0.0068185397578306665,0.004419080794137538,0.013034898694657267,0.0,0.0038261642934566105,0.0,0.0062163589368266,0.0,0.008059958681131359,0.0018435997443047591,0.0,0.0,0.29819067824089085,0.0,0.009366227846694027,0.0032610407537451017,0.0,0.2846369776081378,0.015406564697380977,0.0,0.0028997322611426612,0.008754782705366821,0.005604913795499393,0.0017694851817196431,0.0,0.0016768419784882482,0.0030386970659897535,0.004882296810294512,0.0,0.021808210040670368,0.004734067685124281,0.006864861359446364,0.0,0.0,0.0,0.017064878035222945,0.0084212671737338,0.030424027941190094,0.06827804078153807,0.0008523174697288333,0.0,0.007541156743035547,0.0
42,0.012050824625914735,0.0,0.01805803327629519,0.0,0.006953799104379801,0.0,0.0,0.015018021625951141,0.00384097280372811,0.01110423417191539,0.00010922197546146284,0.033258091528015434,0.004842174245458186,0.0,0.0019295882331525102,0.03582480795135981,0.03227509374886227,0.036917027705974444,0.002275457822113809,5.461098773073142e-05,0.0,0.0,0.0,0.0,0.003294862926420796,0.0,0.0,0.003367677576728438,0.014326282448028544,0.0,0.02371937233771435,0.005115229184111844,0.01885899442967925,0.005024210871227291,0.011777769687261077,0.0011832380674991808,0.017366294098372592,0.0,0.0,0.0024028834601521826,0.006007208650380457,0.007263261368187279,0.400571595004915,0.006990206429533622,0.0,0.00027305493865365714,0.007572723631994758,0.0,0.0,0.0,0.15666072013689153,0.017402701423526415,0.0,0.004732952269996723,0.025630756908289948,0.0011468307423453598,0.0,0.010794771908107912,0.0,0.0,0.022062839043215494,0.0,0.0,0.0,0.0021298285214985256,0.009811774128954745,0.0
43,0.0021933767214411563,0.015191830570637518,0.05950882744237891,0.0,0.027794757470065802,0.0,0.01567725000898925,0.0,0.0,0.0032900650821617345,0.0,0.0,0.023749595483801372,0.00456653842004962,0.0,0.0031282586027111575,0.039912264931142354,0.0,0.009816259753335011,0.010823055625471936,0.015101938082053864,0.003577721045629427,0.0209629283377081,0.0017618927762396174,0.019668476502103484,0.0,0.0067599151414907774,0.012531012908561361,0.00546546330588616,0.0,0.001618064794505771,0.005555355794469814,0.0073711840638596236,0.012818668872029053,0.0011326453561540397,0.0,0.011218582575240013,0.0,0.005051957858401352,0.004027183488547697,0.008629678904030779,0.0,0.05113084750638237,0.26471540038114416,0.0,0.005033979360684621,0.0,0.0060048182373880835,0.0,0.01524576606378771,0.11288698716335263,0.016306497429074827,0.004063140483981159,0.015371615547804826,0.0,0.0,0.01999208946100464,0.004350796447448851,0.0044766459314659664,0.0002876559634676926,0.019632519506670023,0.009061162849232317,0.027435187515731187,0.0013124303333213476,0.028154327424400417,0.0186257236345331,0.017007658840027327
44,0.004213719871902916,0.0,0.0,0.001274650261250632,0.02778948255519973,0.003318304399123546,0.013726192482723748,0.0011166357660542727,0.0,0.00400303387830777,0.005783330524186752,0.007605764368784763,0.02813711444463172,0.027462919265127256,0.0005161806843081072,0.0,0.0,0.009902241698971852,0.007700573065902579,0.0,0.008827743131636609,0.0008322096747008259,0.00225434013146806,0.003086549806168886,0.0,0.0038239507837518963,0.0006741951795044666,0.0076373672678240355,0.014906034046856566,0.006352182706893646,0.00338151019720209,0.03434181695600876,0.009027894825551998,0.02475560424742963,0.003918759480869712,0.005646384628349908,0.04257963930557897,0.0,0.0,0.0012430473622113602,0.019541125905949773,0.015074582841732681,0.014000084274397438,0.0,0.44810803977751557,0.000326563290072476,0.009354458115624473,0.0,0.020478678577448173,0.0,0.0,0.003234030001685488,0.02783161975391876,0.007205460980953986,0.00011587729647733018,0.007047446485757627,0.010534299679757289,0.0018645710433170403,0.0002212202932749031,0.0046772290578122365,0.0,0.007079049384796899,0.0,0.017033962582167536,0.008216753750210685,0.01352604078880836,0.048689533119838195
45,0.012773936481893825,0.015938122582913394,0.027540138286651823,0.0,0.013418492909879292,0.012656744404078284,0.0029883979842962615,0.01705144732216102,0.005742411812961444,0.012246572131723895,0.02865346302589945,0.0,0.02554787296378765,0.008379233563811086,0.004394702918082738,0.013418492909879292,0.011016055314660728,0.052502050861361775,0.02144615024024376,0.0038087425290050394,0.00351576233446619,0.0,0.00703152466893238,0.01453181764912692,0.019512480956287354,0.0,0.012656744404078284,0.0,0.016875659205437713,0.0022852455174030236,0.009961326614320871,0.013477088948787063,0.027305754131020744,0.019922653228641743,0.0021680534395874837,0.0005273643501699285,0.04031407476854565,0.0,0.0,0.03802882925114262,0.043478260869565216,0.003222782139927341,0.014414625571311379,0.0030469940232040315,0.027657330364467363,0.12814953709129262,0.019512480956287354,0.0,0.0,0.03492323918903082,0.013477088948787063,0.0,0.0,0.005508027657330364,0.0,0.02502050861361772,0.0002929801945388492,0.0,0.0008789405836165475,0.022911051212938006,0.01429743349349584,0.01752021563342318,0.015938122582913394,0.002519629673034103,0.004687683112621587,0.0757646783077464,0.009140982069612094
46,0.00816533725794202,0.0,0.019211169394348405,0.0,0.006237137134379808,0.004127922305340328,0.011541655025322383,0.003750152485213853,0.0,0.0,0.0,0.0,0.022249068364532137,0.005044801139605624,0.006339449793997395,0.0034038634834312517,0.0008460469929915828,0.0,0.005383219936802257,0.019805369840589004,0.002038382987765767,0.0,0.0,0.0,0.0,0.0,0.05397779815286299,0.0,0.0,0.0011962710970671682,0.0,0.0016960290882761498,0.008983838534882714,0.001637002553881388,0.0,0.0036242292118383616,0.12658437056071273,0.002121020135918433,0.007087119229664375,0.0,0.0,0.0326574139294751,0.0,0.026018896361210908,0.0003738347178334901,0.015173754441746713,0.5014894362178944,0.0007201237196160915,0.009739378175135663,0.0,0.0040885712824104865,0.0,0.0,0.002923781003687191,0.0,0.001526819689677833,0.0,0.0,0.0,0.008330611554247353,0.0,0.018880620801737743,0.040397760139774835,0.008094505416668306,0.0,0.0045332378415176905,0.0
47,0.024581768521679755,0.0075110959371799246,0.0027739842949812223,0.007809832707408672,0.014595425059747353,0.0,0.00695629907818368,0.00606008876749744,0.0,0.0,0.003499487879822465,0.011138613861386138,0.10630761351997269,0.022746671218846024,0.0,0.0100716968248549,0.0013229771252987368,0.001408330488221236,0.005206555138272448,0.026502219187435984,0.015491635370433595,0.003328781153977467,0.010583817002389894,0.02812393308296347,0.013357801297371116,0.006870945715261182,0.013741891430522363,0.0,0.03409866848753841,0.0,0.0,0.00303004438374872,0.0,0.010242403550699898,0.014168658245134857,0.002688630932058723,0.10861215431888016,0.008492659610788666,0.0,0.011437350631614886,0.021252987367702286,0.0036275179242062135,0.0,0.0,0.029404233526800955,0.0,0.022277227722772276,0.19259986343461932,0.025349948787982246,0.0014510071696824855,0.007383065892796176,0.02897746671218846,0.0018777739842949811,0.0,0.0020484807101399795,0.0003414134516899966,0.0031580744281324686,0.023600204848071012,0.0,0.0,0.0,0.005206555138272448,0.012845681119836121,0.032733014680778424,0.026672925913280982,0.016430522362581086,0.0
48,0.0,0.0,0.011486074900709048,0.005852683901464389,0.010180063838600425,0.0,0.0,0.001062352281864477,0.0,0.0,0.0071050900319193,6.335128286347799e-05,0.065514972832046,0.0,0.014039618917667699,0.0,0.0,0.0,0.0020369874028410614,0.004512560610121586,0.0,0.004132452912940718,0.00043371262883458005,0.003420969274627811,0.007572914889988061,0.0029531444165590507,0.0,0.0001754343217757852,0.0,0.0,0.0019200311883238712,0.0,0.0014863185594892912,0.018201310884237713,0.01839623790843303,0.0040301162252381765,0.04915084915084915,0.0388928145025706,0.012485075899710046,0.0,0.0027874564459930314,0.015779342608610903,0.0,0.0,0.004234789600643259,0.0,0.0,0.00300187617260788,0.5578031724373188,0.0,0.0,0.0,0.0010233668770254136,0.0,0.02256767622621281,0.025744986720596476,0.01312346190394971,0.0020126215248166468,0.0,0.01153967983236276,0.0,0.0,0.023878560463926318,0.0,0.007300017056114617,0.014049365268877465,0.010048488097268585
49,0.0,0.0,0.032814912861239796,0.009982351643503199,0.009541142731083169,0.0,0.016490183101698655,0.0,0.07903154643723803,0.00628722700198544,0.01257445400397088,0.006838738142510479,0.0671189058018972,0.0,0.006066622545775425,0.0075557026251930285,0.012739907346128392,0.05978380763291419,0.0,0.0,0.010644165012133245,0.0,0.0,0.005625413633355393,0.03154643723803221,0.0,0.013953231855283476,0.0,0.04643723803220825,0.023273770130156628,0.004522391352305317,0.0,0.0,0.04776086476946834,0.0,0.0,0.061383189940436796,0.018530774321641297,0.000772115596735054,0.009651444959188175,0.013015662916390912,0.0,0.00987204941539819,0.004522391352305317,0.013567174056915949,0.0026472534745201853,0.038219722038385175,0.011361129494815795,0.019413192146481358,0.18977498345466579,0.012409000661813368,0.00011030222810500772,0.0012684756232075889,0.0,0.0,0.0018199867637326275,0.04246635782042797,0.0,0.0017096845356276197,0.0017096845356276197,0.0,0.0,0.010092653871608206,0.0009927200529450694,0.0,0.0021508934480476507,0.021950143392896537
50,0.0,0.0,0.011112752581211733,0.0,0.0020108008732620934,0.0018794832652123243,0.0036522709738842107,0.0,0.016595262717289606,0.0,0.009610807439142496,0.001387042235025689,0.019073882569229,0.0036933077263997635,0.01078445856108731,0.00993089410876381,0.01638187160420873,0.023038032862231415,0.00855205922424123,0.003176244644703797,0.0,0.0,0.0014527010390505738,0.0,0.0,0.0017974097601812183,0.0,0.0020108008732620934,0.0014527010390505738,0.0,0.0,0.0,0.0,0.0012639319774790303,0.005080349961425453,0.0,0.01822852546740861,0.015577551254903892,0.0,0.0,0.0,0.006081646722804944,0.06047996585742191,0.029292033945601682,0.01036588368542867,0.0020764596772869784,0.0,0.0,0.010891154117627748,0.012688563877808966,0.4985801283629619,0.020772804123372894,0.0041939561070895096,0.029792682326291425,0.0,0.011457461302342377,0.0021339111308087523,0.0,0.0,0.053035898951100606,0.01948425009438453,0.01289374764038673,0.0003447087211306446,0.0,0.02510628518901528,0.0,0.0025853154084798345
51,0.025873604187142536,0.008182453315018531,0.0,0.0,0.004393184051912989,0.004866842709801182,0.0,0.01623465049911781,0.0,0.0033037691387701454,0.03114305675614868,0.0,0.1569823206905943,0.013226918021527785,0.008762685170931568,0.004357659652571374,0.0,0.002877476346670772,0.02296060344113015,0.02101860294378856,0.003801110729552748,0.007093038401875688,0.0,0.0,0.017229333680683016,0.0076969531906831345,0.0036353301992918803,0.0003434025269689398,0.008573221707776291,0.0037537448637639287,0.0,0.002794586081540338,0.0,0.004736586578881929,0.024867079539130126,0.0,0.06843183459839666,0.02369477436085685,0.01097703939655887,0.0,0.013321649753105425,0.0007223294532794941,0.001338085708534145,0.0,0.007448282395291833,0.0,0.028360312141055548,0.004807635377565157,0.022759298511527668,0.004180037655863302,0.0074838067946334475,0.30389939490106455,4.7365865788819284e-05,0.0,0.014576845196509135,0.0,0.0030906227427204584,0.003268244739428531,0.014730784260322798,0.01950289523854634,0.0,0.01259932029982593,0.01905291951355256,7.104879868322893e-05,0.0,0.0,0.006927257871614821
52,0.0,0.002251045128095187,0.010880051452460071,0.03762461142673384,0.013023903955407867,0.0,0.0012327151891949834,0.001554293064637153,0.03424804373459106,0.0,0.0,0.00868260263693858,0.04035802336799228,0.027441312037731803,0.002358237753242577,0.031514631793332616,0.018865902025940615,0.05933111801908029,0.0,0.0,0.014471004394897631,0.0,0.03108586129274306,0.015167756458355665,0.0,0.0,0.0,0.018544324150498444,0.0,0.0,0.0,0.0056276128202379675,0.0,0.01704362739843499,0.0,0.004287705005895594,0.036445492550112556,0.015810912209240004,0.00868260263693858,0.0,0.050112552256404756,0.0,0.0035909529424375604,0.023260799656983598,0.03730303355129167,0.0,0.0,0.0,0.004287705005895594,0.013827848644013293,0.006377961196269696,0.004823668131632544,0.28470361239146746,0.004394897631042984,0.0,0.013238289205702648,0.0,0.01838353521277736,0.0,0.0006431557508843392,0.016990031085861293,0.013238289205702648,0.011469610890770716,0.0,0.0,0.036820666738128414,0.0
53,0.010001298869983116,0.011559942849720744,0.01268563016842014,0.0,0.11635710265402434,0.008724076719920336,0.00021647833051911504,0.005303719097718319,0.014136034982898211,0.0013205178161666018,0.004394510109538036,0.0,0.0009525046542841061,0.0,0.0006710828246092566,0.0,0.005866562757068017,0.009741524873360177,0.02076027189678313,0.0,0.0,0.0,0.006364462917261982,0.0,0.013313417326925574,0.0,0.009719877040308265,0.002099839806035416,0.016603887950816125,0.009395159544529593,0.01885526258821492,0.012902108498939257,0.0075550937351171145,0.005108888600251115,0.015391609299909079,0.0,0.07819197298350435,0.00041130882798631855,0.0,0.01424427414815777,0.056457548599385204,0.007988050396155345,0.0,0.004632636273109062,0.010542494696280902,0.0,0.015391609299909079,0.0,0.017513096938996407,0.0,0.0,0.0,0.012599038836212495,0.3030263670606572,0.02835866129800407,0.004546044940901416,0.00041130882798631855,0.0,0.017231675109321557,0.0,0.0006927306576611682,0.0022080789712949733,0.02242715504178032,0.0,0.010975451357319132,0.05214962982205481,0.0
54,0.016166423477110635,0.0,0.00147959253248967,0.006041101307768883,0.0027273595068934013,0.012300391376089239,0.0,0.008454814471369544,0.015989145109162564,0.0,0.001602323710299873,0.01792557035905688,0.01393680708022528,0.02168250807980254,0.0,0.006007009313932716,0.0,0.0015205029250930711,0.017045996918083756,0.0,0.0,0.009375298304946067,0.0,0.006797943570931803,0.0008182078520680204,0.0,0.01821876150604792,0.0,0.0,0.009402571900015,0.0012545853731709645,0.0,0.011352633947443782,0.009273022323437564,0.0014386821398862692,0.005979735718863782,0.08870736796170788,0.0006477478828871828,0.0,0.011032169205383807,0.0014386821398862692,0.016459614624101677,0.011986745032796498,0.0,0.009934407003859214,0.0,0.011973108235262032,0.0,0.013629979135699773,0.0,0.0,0.0,0.0,0.0024205315623678936,0.5017659652807135,0.004363775211029442,0.0,0.0018818780597564468,0.008113894533007869,0.0,0.0,0.049494756651348,0.01047306050647066,0.0,0.0,0.027000859118244673,0.011884469051287996
55,0.013973636405980717,0.0,0.0,0.01830546369183474,0.032698309189994876,0.0,0.0,0.019330197028273325,0.030415948577018025,0.02678280311146304,0.0,0.015324421258558853,0.050677721365690064,0.01327495458568168,0.0,0.018538357631934416,0.011970748521123481,0.04387721831477945,0.014392845498160138,0.0,0.0,0.0,0.0,0.0007918393963389072,0.0029344636452559502,0.0,0.014672318226279752,0.00936233639200708,0.0,0.0,0.012389957613302902,0.0,0.0,0.1400624155759467,0.0,0.022124924309469468,0.056127439564022545,0.0007918393963389072,0.0,0.0,0.008011551539428945,0.0,0.0012576272765382644,0.0,0.023801760678187154,0.014253109134100331,0.02613070007918394,0.004564721225953701,0.0,0.0020960454608971073,0.0014439424286180073,0.001350784852578136,0.0,4.657878801993572e-05,0.0015836787926778145,0.2381107643579114,0.004704457590013508,0.001164469700498393,0.0,0.0,0.0,0.0,0.0028878848572360147,0.01839862126787461,0.007964972751409009,0.010200754576365923,0.06320741534305277
56,0.011071367739737693,0.0,0.026060296371997957,0.0,0.005499184855342239,0.013723629462004526,0.0,0.006277830498576538,0.010292722096503394,0.009733070540428742,0.01615689709711171,0.0375209869333528,0.040197581331970704,0.008565102075577292,0.011850013382971994,0.0,0.021729079981507166,0.07214638538092805,0.0012409664939046646,0.0014112952283621676,0.0033092439837457722,0.0,0.004306883714139718,0.0,0.02793391245103049,0.0008273109959364431,0.0018006180499793173,0.00681314937830012,0.1484293257415383,0.009927731951237317,0.00472053921210794,0.00931941504246052,0.00170328734457503,0.004696206535756868,0.0,0.007226804876268341,0.04336082925761005,0.010682044918120545,0.00301725186753291,0.000510986203372509,0.005937173029661532,0.0,0.026546949899019394,0.010536048860014113,0.05606248631286955,0.009416745747864807,0.0022386062242986107,0.0,0.0089057595444923,0.020901768985570723,0.00827310995936443,0.008151446577609071,0.0,0.032557120957734144,0.0,0.00043798817431929337,0.1651215417183736,0.002043944813490036,0.0,0.0074457989634279876,0.006448159233034041,0.0,0.021729079981507166,0.0027252597513200477,0.0,0.007397133610725843,0.015061926661313478
57,0.0,0.0,0.0,0.0,0.035345097629737914,0.0186906129268038,0.0,0.031037903310013572,0.004176673279732693,0.0,0.009554140127388535,0.01051999582332672,0.09394904458598727,0.0006003967839615746,0.0041244648637360345,0.0,0.008118408687480422,0.02996763078208207,0.01837736243082385,0.008144512895478751,0.046543802861021194,0.0,0.00010441683199331732,0.002375482927847969,0.013756917615119556,0.010885454735303331,0.0,0.0,0.14928996554244545,0.0,0.005403571055654172,0.0,0.0,0.010024015871358464,0.009188681215411925,0.0,0.03722460060561763,0.039495666701472275,0.0023493787198496396,0.0,0.00010441683199331732,0.0,0.011355330479273259,0.005429675263652501,0.005638508927639135,0.0,0.00467265323170095,0.0011224809439281612,0.016602276286937456,0.0,0.0,0.024720684974417876,0.0,0.0,0.0,0.0023493787198496396,0.01746371515088232,0.23305836900908428,0.0,0.0026626292158295917,0.0,0.01555810796700428,0.004307194319724339,0.0,0.022449618878563223,0.019343218126762034,0.013913542863109533
58,0.0,0.01367502961128459,0.003517461684792362,0.0,0.0759843508847493,0.0,0.003230321955421557,0.028534510606223754,0.010947202182261943,0.0,0.0031226445569075053,0.003625139083306414,0.03492336958472417,0.0054197623918739455,0.009116686407523061,0.0,0.0,0.01697713649904885,0.010660062452891137,0.026165607838914612,0.0038763863465058686,0.0021176555041096876,0.0,0.0033738918201069597,0.0,0.0,0.01302896522020028,0.026380962635942716,0.023617242740748716,0.010480600122034386,0.010911309716090592,0.03312874627615663,0.020135673522127705,0.03337999353935609,0.012670040558486773,0.0,0.06600624528911382,0.012670040558486773,0.020279243386813108,0.09009009009009009,0.03718459495351926,0.00739384803129823,0.008004019956211191,0.00620939664764366,0.006065826782958257,0.0,0.0020099781055956355,0.0,0.004594235669932881,0.0,0.007286170632784179,0.0,0.0,0.012131653565916514,0.0,0.0025842575643372457,0.0,0.0,0.16966368759197445,0.011557374107174905,0.0,0.016618211837335344,0.020171565988299056,0.0037687089479918165,0.0,0.03560532644197983,0.021104770108754174
59,0.0,0.012708399331059328,0.006306312943412629,0.0,0.0,0.0,0.011463344556016414,0.0,0.0009061641262146651,0.0,0.0,0.0,0.044453612500644626,0.0022838282855816763,0.008361758400436138,0.004361375306659201,0.0063578832595386665,0.0,0.019176790410868075,0.01631095427186397,0.0021806876533296007,0.0,0.0,0.001878632944591379,0.01807907939618527,0.0,0.05811974627404466,0.008192313076022013,0.0,0.0027921642588240496,0.0,0.003904609649542866,0.021261704619963608,0.0,0.015507930777901384,0.0,0.15061479184010254,0.01663511054465621,0.002320664225671703,0.0015323751077451248,0.0042803362384611415,0.009069008450164657,0.030131798993642118,0.0,0.0,0.0,0.030662236530938507,0.025100009577344422,0.0366443932015589,0.002202789217383617,0.0,0.00797129743548185,0.0,0.0,0.0,0.0007882891179265786,0.0,0.0,0.0007440859898185462,0.3241194368521479,0.0,0.011971680529258788,0.06245165282863184,0.0,0.0,0.00025048439261218385,0.01790226688375314
60,0.007057574953568586,0.0,0.06484478641549482,0.0,0.01804192093393473,0.0,0.0004245157866808172,0.0019103210400636774,0.045051737861501726,0.0,0.0020164499867338817,0.003289997346776333,0.06808171928893605,0.011727248607057575,0.0,0.0,0.014009020960466967,0.07566993897585567,0.009339347306977979,0.0,0.0015919342000530645,0.002440965773414699,0.002175643406739188,0.0,0.0,0.01846643672061555,0.033483682674449455,0.0,5.306447333510215e-05,0.0021225789334040858,0.0001061289466702043,0.01629079331387636,0.0,0.034438843194481296,0.0,0.011037410453701248,0.019103210400636773,0.0,0.017882727513929424,0.0,0.04361899708145397,0.009869992040329,0.004616609180153887,0.004988060493499602,0.020854338020695144,0.0009020960466967366,0.005465640753515522,0.005518705226850624,0.016396922260546565,0.01114353940037145,0.03847174316794906,0.0,0.021597240647386575,0.027328203767577608,0.0029185460334306182,0.004828867073494295,0.002069514460068984,0.0,0.0020164499867338817,0.023295303794109844,0.23852480764128417,0.0,0.0,0.0,0.0,0.025311753780843726,0.009604669673653489
61,0.0,0.0,0.0,0.0,0.00436549655119362,0.0,0.0,0.01991076694274212,0.0,0.00166029898202518,0.0,0.0,0.01864150362829816,0.01887227877637888,0.0,0.0,0.0005961691325418601,0.0,0.0184299597425575,0.0,0.0,0.0,0.006468114567040181,0.0,0.015417061975948101,0.01573117259416908,0.00268596630682838,0.0,0.0,0.00651298751250032,0.009077155824508321,0.00510910536167594,0.0107054027026334,0.0,0.01425036539398446,0.0059745121669786405,0.2039475371163363,0.012840072822380061,0.0,0.006654016769660761,0.004301392343393421,0.027545578091745942,0.0,0.01100669247929434,0.004057796353752661,0.0026282725198082,0.00869894099848714,0.0034167542757506603,0.0,0.0,0.0006089899741019,0.0,0.00201287212492628,0.007846355034744481,0.010545142183132902,0.00117951742352368,0.0,0.0,0.0010577194287033,0.01148106361701582,0.0,0.38360598989717687,0.08931639272801867,0.009128439190748482,0.0,0.018917151721839023,0.00479499474345496
62,0.006712645282345917,0.0,0.0,0.0017115985516348382,3.68294139083374e-05,0.0006222232560303319,0.0,0.004528079520519799,0.0,0.0022621013700541972,0.0027990354570336428,0.0,0.014456514154125282,0.001289029486791809,0.02601513495072612,0.005883014274305475,0.0,0.0,0.011640033185240322,0.0,0.0021942577128546284,0.0015914183588813162,0.021027656951454955,0.0,0.011783474060462268,0.013570669830119482,0.006600218650415203,0.0022698549308770052,0.01544896993944469,0.013250835446178657,0.0,0.00016476316748466734,0.01572615973886007,0.0036170361238398734,0.0,0.0,0.2635667930497081,0.0,0.0035414389058174966,0.0,0.008329262713901359,0.0,0.0,0.0,0.013634636706907647,0.01475890302621479,0.0,0.0,0.0,0.024997480092732588,0.0007714793018693835,0.0019907267412559216,0.0,0.01323338993432734,0.021289339629224722,0.0,0.0,0.010777449543702945,0.0,0.001734859234103262,0.009259690012638305,0.018750048459755142,0.40068657781085965,0.0,0.007476371023392493,0.0,0.0
63,0.0007694675284702986,0.0,0.004216682056017236,0.0,0.027777777777777776,7.694675284702985e-05,0.0,0.016297322253000922,0.0,0.005632502308402586,0.0,0.0,0.05600184672206833,0.025346260387811636,0.0,0.0,0.0,0.0,0.009449061249615266,0.01899045860264697,0.010357032933210218,0.010003077870113881,0.0014773776546629731,0.0,0.01902123730378578,0.0,0.019421360418590335,0.015297014465989535,0.007863958140966451,0.004170514004309019,0.004478301015697138,0.0029239766081871343,0.01371191135734072,0.055278547245306245,0.0,0.0,0.05221606648199446,0.03148661126500462,0.01669744536780548,0.008464142813173285,0.0886426592797784,0.0,0.004078177900892582,0.0075100030778701135,0.05260080024622961,0.001692828562634657,0.0,0.0,0.01123422591566636,6.155740227762388e-05,0.0,0.012296091104955371,0.0,0.01897506925207756,0.005263157894736842,0.0,0.0,0.0019852262234533705,7.694675284702985e-05,0.0017851646660510926,0.0,0.019067405355493998,0.0195906432748538,0.2216374269005848,0.009633733456448138,0.07993228685749461,0.006509695290858725
64,0.0,0.0,0.0,0.0,0.028201701948097617,0.00014065686757155918,0.0,0.0037274069906463184,0.0016527181939658205,0.003059286869681412,0.01716013784373022,0.0,0.08942260355861875,0.013643716154441241,0.0,0.0,0.0,0.014557985793656376,0.03544553062803291,0.008087769885364653,0.0019691961460018286,0.051128771362261766,0.0009494338561080245,0.02366551796891483,0.023173218932414374,0.005520782052183698,0.02201279977494901,0.003621914339967649,0.002918630002109853,0.019129333989732048,0.0,0.0,0.0,0.011604191574653632,0.0,0.02208312820873479,0.08186229692664744,0.0,0.008404247837400661,0.009213024825937126,0.0,0.009634995428651804,0.01374920880511991,0.007419649764399747,0.043251986778254446,0.01712497362683733,0.0,0.0009845980730009143,0.01026795133272382,0.0061889021731486036,0.0,0.03129615303467192,0.0018637034953231592,0.0,0.002883465785216963,0.004430691328504114,0.0021450172304662775,0.008017441451578873,0.0,0.01199099796047542,0.0024614951825022856,0.018426049651874252,0.022891905197271255,0.013432730853083902,0.16136859132147127,0.08882481187143962,0.01898867712216049
65,0.0044734620264075715,0.004831515805201063,0.007607537695106156,0.0,0.021863382591513682,0.0029484181537686267,0.02135945505098951,0.04925670687772685,0.00203339183018526,0.0,0.013888950283569752,0.0009857529959376367,0.012721960189724298,0.0,0.006374241345928575,0.0003403721107049239,0.0,0.002590364374975135,0.02097929918708531,0.0,0.0,0.014980793288038793,0.0065598988608585335,0.0,0.00020333918301852598,0.0032622677623406994,0.02055493915295969,0.0011006838385133253,0.0,0.0,0.021248944625435962,0.008186612325006741,0.0,0.00316943900487572,0.00101669591509263,0.006612943865124236,0.0,0.0022367310132037858,0.0,0.0023693435238680417,0.10292941036057342,0.0008045158980298201,0.0,0.0,0.0,0.0024754335323994466,0.0,0.0,0.01170968469165381,0.0,0.009092797814545825,0.0017946893109895988,0.009548100767826436,0.06483425646375479,0.0,0.0,0.0018963589024988618,0.0,0.0,0.010012244555151333,0.0010962634214911834,0.005096740826529575,0.018181175212069505,0.0050702183243967235,0.000371315029859917,0.4913293520110687,0.0
66,0.0011876748212937885,0.005527682813124362,0.0,0.007159348221817697,0.018026017848421613,0.0,0.006038271988633841,0.013008924210806731,0.0,0.019579984904320027,0.0,0.01386360609155086,0.022854415486391687,0.023120809838831417,0.0,0.003341029170181592,0.013419615504151312,0.01309772232828664,0.008757714336456068,0.0064822625760333884,0.0019535585845580072,0.0003551924699196377,0.0,0.005594281401234294,0.01698263996803268,0.026583936420547884,0.002242152466367713,0.002453047995382498,0.0,0.013230919504506505,0.0024752475247524753,0.01805931714247658,0.0,0.050259734493628735,0.010433778803889357,0.0,0.022199529369977357,0.0066154597522532525,0.0,0.0,0.006271367047018603,0.0,0.0036740221107312526,0.021644541135727922,0.028493095946365937,0.000621586822359366,0.0013763708209385962,0.006337965635128535,0.0021866536429427695,0.0,0.0,0.01007858633396972,0.0,0.008280424455001554,0.0,0.006315766105758558,0.0,0.0007214847045242641,0.0,0.0014873684677884828,0.0,0.0,0.001997957643297962,0.01023398303955956,0.005105891755094792,0.0006770856457843094,0.5295919726501798
