,06001,06005,06007,06009,06011,06013,06015,06017,06019,06021,06023,06025,06027,06029,06031,06033,06035,06037,06039,06041,06043,06045,06047,06051,06053,06055,06057,06059,06061,06063,06065,06067,06069,06071,06073,06075,06077,06079,06081,06083,06085,06087,06089,06093,06095,06097,06099,06101,06103,06105,06107,06109,06111,06113,06115
0,0.7359590082070431,1.8334370672726655e-05,0.000464149068083238,5.789801265071576e-06,1.8334370672726655e-05,0.061226183411254395,0.0,0.0003888816516373075,0.000992950916959775,0.00024124171937798232,0.0,0.0,2.894900632535788e-06,0.0004969579419186436,1.0614635652631221e-05,0.0005664355570995024,0.0,0.0010440941614679076,0.0001022864890162645,0.005533120075653402,0.0,0.00047862357124591696,0.0013364791253540219,0.0,0.002012920906489884,0.0027163817601960805,3.0878940080381736e-05,0.0002151876136851602,0.001308495085906176,0.00011000622403635993,0.00015053483289186097,0.007471738532574868,2.8949006325357877e-05,6.754768142583505e-05,0.00013123549534162237,0.05318704435470251,0.007884744356149973,0.0002605410569282209,0.034265008853571095,9.746165462870485e-05,0.05867481098711285,0.0018440517029252967,3.2808873835405594e-05,0.0,0.008035279189041834,0.005757957358113682,0.00416672697709651,7.526741644593048e-05,9.649668775119292e-07,0.0,0.0009225083349014043,1.254456940765508e-05,0.0002016780773999932,0.0011811194580746013,0.0002692257588258283
1,0.05257618283881315,0.1112169206094627,0.0013031275060144346,0.01503608660785886,0.0,0.036637931034482756,0.0,0.04996992782678428,0.03307939053728949,0.0,0.0,0.0,0.0,0.0033580593424218123,0.0,0.0,0.0,0.037640336808340016,0.019045709703287887,0.0,0.0,0.0002506014434643143,0.001503608660785886,0.0,0.007317562149157978,0.018795108259823574,0.0,0.001152766639935846,0.051222935044105855,0.0,0.00751804330392943,0.20464113873295908,0.0002506014434643143,0.0,0.00010024057738572573,0.03548516439454691,0.12479951884522854,0.0,0.06184843624699278,0.0,0.011076583801122693,0.0008520449077786687,0.0,0.0,0.006315156375300722,0.0013031275060144346,0.09377506014434643,0.0,0.0,0.0,0.0008520449077786687,0.0014033680834001604,0.003558540497193264,0.006114675220529269,0.0
2,0.01473950795947902,2.1707670043415345e-05,0.7930246020260493,0.00013024602026049205,0.0004992764109985529,0.011505065123010132,0.0,0.004037626628075254,0.0027496382054992764,0.0025615050651230107,0.004602026049204053,0.0,0.0,3.6179450072358906e-05,0.000296671490593343,0.0008465991316931984,0.000564399421128799,0.02400868306801737,0.005231548480463098,0.0001157742402315485,0.0,0.0006512301013024603,0.001657018813314038,0.0,0.0007742402315484806,0.0007452966714905934,0.0023371924746743854,0.005962373371924747,0.013147612156295226,0.001128798842257598,0.0004486251808972505,0.03173661360347323,0.0012011577424023156,0.00231548480463097,0.0006584659913169321,0.0028219971056439946,0.0042547033285094075,0.001823444283646889,0.002452966714905934,0.00020260492040520987,0.014247467438494938,0.0,0.0055861070911722155,7.959479015918958e-05,0.005253256150506513,0.007800289435600579,0.0012662807525325617,0.010817655571635313,0.004681620839363242,0.0,0.0010998552821997107,0.0009117221418234445,0.000962373371924747,0.003191027496382055,0.004811866859623735
3,0.022664604210101552,0.015602932275203443,0.006725401842760105,0.13928307216356178,0.0,0.049364449525859166,0.0,6.725401842760106e-05,0.006725401842760105,0.0,0.0,0.0,0.0,0.0,0.0,0.0,6.725401842760106e-05,0.04021790301970543,0.0001345080368552021,0.009415562579864147,0.0,0.0,0.0,0.0,0.004573273253076871,0.007532450063891318,0.0,0.0011433183132692178,0.026565337278902413,0.0,0.002757414755531643,0.1850830587127581,0.0,0.0020176205528280315,0.0025556527002488397,0.0637568094693658,0.15199408164637837,0.0,0.10948954200013451,0.0,0.019570919362431903,0.00020176205528280315,0.0,0.0,0.0031609388660972493,0.003026430829242047,0.06685049431703545,0.0057838455847736905,0.0,0.0,0.0,0.03698971013518058,0.0,0.01345080368552021,0.0032281928845248505
4,0.024139439906651107,0.0005834305717619603,0.03551633605600933,0.0,0.19508459743290546,0.04098599766627771,0.0,0.0,0.06920945157526254,0.02537922987164527,0.0004375729288214702,0.0,0.0,0.0,0.0,0.002479579929988331,0.0,0.015898483080513417,0.0,0.0004375729288214702,0.0,0.01028296382730455,0.0,0.0,0.0,0.006709451575262543,0.011522753792298715,0.0013127187864644106,0.0654171528588098,0.0,0.003063010501750291,0.22352683780630103,0.0,0.0,0.0,0.03573512252042006,0.014731621936989497,0.0,0.04572637106184363,0.0,0.007001166861143523,0.0,0.016554842473745623,0.0,0.005032088681446907,0.025087514585764293,0.003208868144690781,0.04317386231038506,0.002260793465577596,0.0,0.0,0.0,0.0,0.03004667444574095,0.03945449241540257
5,0.1707012238811927,0.0004952120432666581,0.0013060537404834941,7.981439525176908e-05,0.0,0.5853152396517917,0.0,0.0007400971196073133,0.0016144275403198747,0.0010829362264842305,3.627927056898595e-05,0.0,0.0,0.0025050836327884796,7.618646819487048e-05,0.0009795403053626205,0.0,0.006439570525995005,0.00026665263868204674,0.011879647147814448,0.0,0.00237447825874013,0.0011174015335247672,0.0,0.0009251213995091416,0.004222907094229964,0.0001378612281621466,0.0009233074359806923,0.0016815441908724985,0.0004988399703235567,0.0012099136734756814,0.018130565466850726,0.00035553685157606226,0.0006874921772822836,0.0022656404470331724,0.05164898354553684,0.015164735097836127,0.0007999579160461401,0.021829237101358843,0.0001251634834630015,0.03377055900914057,0.004703607429269028,0.002033453115391662,5.8046832910377516e-05,0.03298874072837892,0.005864544087476578,0.006691711456449458,0.0002593967845682495,0.0,0.0,0.00021948958694236498,0.0006802363231684865,0.00022130355047081425,0.004045138668441933,0.0008471209677858218
6,0.03002407590992777,0.0,0.0016994759949015721,0.0,0.0,0.004815181985554454,0.7259594958221215,0.000566491998300524,0.0053816739838549775,0.0,0.013170938960487183,0.0,0.0,0.0,0.0,0.0,0.0,0.03398951989803144,0.0,0.0,0.0,0.0,0.0,0.0,0.0,0.034980880895057354,0.0,0.0,0.0,0.0,0.0,0.0026908369919274888,0.0,0.022518056932445827,0.007647641977057074,0.006939526979181419,0.001132983996601048,0.0,0.0,0.0,0.03738847188783458,0.0,0.008922248973233253,0.0,0.014870414955388754,0.033281404900155784,0.0,0.0,0.0,0.0,0.0,0.0,0.00849737997450786,0.0,0.005523296983430109
7,0.021348394792378187,0.003364360210833239,0.01080673279843404,0.0007034571349924045,0.00011214534036110795,0.016424194847431357,0.0,0.3487312283992781,0.0067593055144922354,0.0009379428466565395,0.00041799626861867517,0.001519059610345917,0.0,0.008828896795701773,0.0,0.0003058509282575672,0.000214095649780297,0.0199516755533353,3.058509282575672e-05,0.0018045204767196464,0.0009481378775984583,0.00024468074260605374,0.0023856372404090238,0.0,0.0009073577538307826,0.0012234037130302688,0.004271717964664022,0.0049751750996564256,0.08871715925657832,0.0,0.0004791664542701886,0.27214615596358327,0.0,0.012335987439721877,0.0012743788677398633,0.015914443300335413,0.04449111503053411,0.0006015068255732154,0.0033949453036589954,0.005576681925229642,0.031156014558504176,0.001621009919765106,0.001080673279843404,6.117018565151343e-05,0.011591750180961796,0.010918878138795149,0.00623935893645437,0.005749997451242263,0.00024468074260605374,0.0,0.0007238471968762423,0.0001529254641287836,0.010664002365247175,0.009756644611416393,0.007890953949045234
8,0.006425106576240656,4.007342978944275e-05,0.0023967727531209572,0.0,0.0,0.007571969971643279,0.0,1.1449551368412217e-05,0.8271709303523792,4.579820547364887e-05,0.00015456894347356493,0.0,5.724775684206108e-05,0.00388903094813735,0.010209183303500893,3.244039554383461e-05,0.0,0.026770959357909165,0.01581946347402288,0.0005343123971925701,0.0002843305256489034,0.0,0.006892629923784154,0.00010304596231570995,0.0029406264431205377,0.00018319282189459548,7.633034245608144e-06,0.0073563367542048485,0.0004942389674031273,8.205511814028755e-05,0.00266202069315584,0.004963380518206696,0.0003396700239295624,0.008428778065712792,0.0015037077463848044,0.0014960747121391962,0.005110316427434652,0.0013205149244902088,0.0017823134963495016,0.001366313129963858,0.007354428495643447,0.0014827169022093819,0.000320587438315542,0.0012422763234727254,0.0013586800957182496,0.00305512195680466,0.008094832817467437,0.00031104614550853186,0.00020418366607001786,0.0,0.023633782282964214,0.0002709727157190891,0.0032669386571202857,0.0006278170667012699,0.0003301287311225522
9,0.031193461850396162,0.0,0.057146422109925765,0.008671782394410132,0.0004990953896063386,0.019776654813151166,0.0,0.04760122278370454,0.0006862561607087154,0.36234325285420177,0.0,0.0,0.0,0.0,0.0,0.0015596730925198081,0.0003743215422047539,0.005427662361968932,0.0,0.0064258531411816085,0.0012477384740158463,0.010418616258032316,0.0,0.0,0.0,0.0,0.002183542329527731,0.0008110300081103002,0.0333146172562231,0.0,0.0018092207873229773,0.08503337700417993,0.004429471582756255,0.010293842410630734,0.0022459292532285235,0.03793124961008173,0.00942042547881964,0.0,0.030694366460789817,0.0,0.07929378002370704,0.0,0.002370703100630108,0.0,6.238692370079232e-05,0.04766360970740533,0.016532534780709967,0.02102439328716701,0.0308191403081914,0.0,0.0,0.0,0.0,0.010543390105433903,0.02015097635535592
10,0.028352309451598466,0.0,0.002759409337244568,2.4859543578779892e-05,0.0,0.05091234524934122,0.0010565306020981454,0.0,0.004872470541440859,0.0,0.7558917118281707,0.0,0.0,0.0008825137970466862,0.0,0.00017401680505145923,0.0,0.010353999900561824,0.0,0.004996768259334758,0.0,0.0019266146273554418,0.0009695221995724158,0.0,0.0021254909759856806,0.0019514741709342216,2.4859543578779892e-05,0.002088201660617511,0.0013051260378859444,0.0,0.00012429771789389946,0.02059613185501914,0.001852035996619102,0.0003977526972604783,0.020049221896285982,0.013598170337592601,0.0015661512454631333,0.0,0.0015537214736737433,0.0014542832993586236,0.014766568885795256,0.0019017550837766616,0.01382190622980162,0.003704071993238204,0.01830905384577139,0.0068115149405856895,0.0005220504151543777,0.0017028787351464224,3.728931536816984e-05,0.00019887634863023914,0.001802316909461542,0.0,0.000894943568836076,0.0028091284244021277,0.0008576542534679062
11,0.0,0.0,0.003215434083601286,0.0,0.0,0.0006807450537354074,0.0,0.0010283595492598708,0.0,0.0,0.0,0.8179369079690623,0.0,0.0,0.0002027751223892703,0.0,0.00017380724776223168,0.10064888039164566,0.0,0.0,0.0,0.0,0.0,0.0,0.001520813417919527,0.0,5.7935749254077225e-05,0.015135714492627676,0.0,0.0,0.013658352886648706,0.0,0.0,0.006821934474667593,0.030676979230033888,0.00014483937313519306,0.0003910663074650213,0.0,0.0,0.001274586483589699,0.0002896787462703861,0.00044900205671909854,0.0,0.0,0.0,0.0,0.0040410185104718865,0.0,0.0,0.0,0.0,0.0,0.001651168853741201,0.0,0.0
12,0.01723703442366816,0.0,0.001360818507131697,0.0,0.0,0.08976362078524268,0.0,0.0,0.11758479915326848,0.0,0.0,0.0,0.2849150748450179,0.015170606320245954,0.0065016884229625515,0.0,0.0,0.0863867748601381,0.01194496245148934,0.0,0.0,0.0,0.00428405826319238,0.00010080137089864422,0.001764023990726274,0.0,0.0,0.05513834988155839,0.003679250037800514,0.0,0.06078322665188247,0.011239352855198831,0.0,0.02061388034877274,0.030895620180434454,0.005443274028526788,0.04798145254775465,0.0026208356433647497,0.020059472808830203,0.0,0.024746736555617158,0.0007056095962905095,0.0,0.0,0.012146565193286628,0.00010080137089864422,0.04082455521395091,0.0,0.0,0.0,0.018043445390857317,0.0,0.007308099390151705,0.0006552089108411874,0.0
13,0.002233580215231592,0.0,0.0,0.0,0.0,0.0025662410983511904,0.0,0.0016799374597539739,0.005831070051253539,0.0,0.0,0.0,0.0,0.8051795299501723,0.0025068373692226907,0.0,0.0,0.10530855484983927,0.0003302847339544588,0.0018034972163412533,4.752298330279982e-06,0.0,0.00036830312059669864,0.0,0.0010027349476890762,0.0,0.0008364045061292768,0.01918502835934029,0.0004894867280188382,0.0,0.0053178218315833,0.0038042148133891262,1.1880745825699956e-05,0.008927192413430948,0.004966151755142582,0.001102533212624956,0.0004110738055692185,0.0009813496052028165,0.0006439364237529376,0.0022715986018738317,0.0026707916616173504,0.000275633303156239,0.0,0.0,0.0005702757996335979,0.00023523876734885912,0.0016324144764511739,2.61376408165399e-05,0.0,0.0,0.004833087401894742,0.0,0.011895002720690797,2.376149165139991e-06,9.504596660559965e-05
14,0.0039029582649576446,0.0,0.00010348752975266481,0.0,0.0,0.0137342735914608,0.0,0.002217589923271389,0.09829836933220976,0.0,0.0,0.0,0.0,0.012285448174923493,0.6156620984314248,0.0,0.0,0.07038630416463387,0.0026611079079256667,0.0,0.0009757395662394111,0.0,0.006771041232388641,0.0,0.0033263848849070833,0.00020697505950532962,0.0007983323723777,0.02999659969545099,0.0020845345278751055,0.0,0.0020845345278751055,0.004819562099909819,0.0,0.003060274094114517,7.391966410904629e-05,0.0052482961517422875,0.006090980322585414,0.012521991100072443,0.0013009860883192146,0.001877559468369776,0.0074658860750136755,0.0017592880057953019,0.00045830191747608706,0.0,0.003045490161292707,0.0001774071938617111,0.0026611079079256667,0.0,0.0,0.0,0.07282565308023241,0.003429872414659748,0.002808947236143759,0.004878697831197055,0.0
15,0.04885713438676587,0.0011858527763778126,0.00892354214224304,0.00023717055527556252,0.015416086092911563,0.0838694376093208,0.0,0.0007411579852361329,0.0009190359016928049,0.004387655272597907,0.0,0.0,0.0,0.0,0.0,0.3105748421333491,0.0,0.012866502623699266,0.0,0.02674098010731967,0.0,0.03358927989090154,0.0033500340932673205,0.0,0.0027571077050784145,0.01031691915448697,0.0017787791645667188,0.006818653464172423,0.022590495389997328,0.0,0.0010672674987400313,0.04366902849011295,0.0006225727075983516,0.00847884735110136,0.03883667842637336,0.029972428922949216,0.007441226171770774,0.0,0.034686193709051016,0.0,0.026029468441492985,0.001215499095787258,0.007737689365865226,0.0,0.030654294269366455,0.1278349292935282,0.016661231508108266,0.01909222969968278,0.0004150484717322344,0.0,0.0,0.0016898402063383828,0.0,0.005958910201298509,0.0020159497198422812
16,0.0332827406764961,0.003035559410234172,0.07523850823937554,0.0,0.0,0.02092367736339983,0.0,0.0008673026886383349,0.06981786643538596,0.0,0.0,0.0,0.0,0.00758889852558543,0.02114050303555941,0.002276669557675629,0.3132046834345187,0.03816131830008673,0.002493495229835213,0.004228100607111883,0.0,0.0,0.001517779705117086,0.0,0.003794449262792715,0.022007805724197745,0.002385082393755421,0.09421075455333912,0.008673026886383347,0.0,0.03826973113616653,0.017346053772766695,0.001626192541196878,0.0018430182133564615,0.0006504770164787512,0.016045099739809197,0.12088031222896792,0.0,0.01637033824804857,0.0,0.02114050303555941,0.0006504770164787512,0.0005420641803989592,0.0,0.006721595836947096,0.0035776235906331316,0.006830008673026887,0.0061795316565481356,0.0,0.0,0.005095403295750217,0.0,0.004878577623590633,0.004336513443191674,0.002168256721595837
17,0.00016560738883208463,0.0,1.2306281548031767e-06,2.1975502764342442e-05,0.0,0.0002946475410643035,2.285452287491614e-06,1.617397003455604e-05,0.0005655615391431171,0.0,5.432344283345452e-05,0.00016824444916380574,0.0,0.0017858172566415243,0.00014978502684175808,0.0,0.0,0.8913557513934227,0.0001520704791292497,2.5843191250866712e-05,0.0,2.4612563096063535e-06,3.5160804422947906e-05,0.0,0.00015839942392538033,1.6349774056670776e-05,9.317613172081195e-06,0.05809549393194837,2.9710879737390983e-05,0.0,0.011407219778936991,0.00022590816841744032,1.2306281548031767e-06,0.019239640572192865,0.0060996963512930024,0.00010407598109192581,0.00016578319285419937,0.00014257706193505378,6.13556037180441e-05,0.0006671762639254365,0.0003883510848514597,9.616480009676253e-05,3.1644723980653117e-06,0.0,0.0002790009830960916,0.00013062238843125146,0.0002046358817415568,4.922512619212707e-05,0.0,0.0,0.0006459039772495531,8.174887028335389e-05,0.006882727465792053,1.7580402211473953e-05,0.0
18,0.019449296763853124,0.000990473446307335,0.0,0.0,0.0,0.0015127230816330205,0.0,0.0026292567847431073,0.16566118604693045,0.0,0.0,0.0,0.0,0.006663185002431163,0.0009364476219632985,0.0,0.0,0.05074825766716491,0.51387563255236,0.0006663185002431163,0.0014046714329449478,0.0,0.05489023753354103,0.0,0.0013506456086009113,0.0004682238109816493,0.0,0.017324281006321024,0.0014586972572889843,0.0,0.003385618325559618,0.006339030056366944,0.0007563615408165103,0.00898629544922473,0.007635649840623818,0.0072754776783302425,0.041779970826054856,0.0005402582434403646,0.009256424570944912,0.0,0.02724702407750905,0.0017468349871238454,0.0,0.0,0.0027012912172018227,0.0013326370004862326,0.03342397666084389,0.00018008608114678817,0.0,0.0,0.004069945433917413,0.00048623241909632813,0.0019269210682706338,0.0007023357164724739,0.000198094689261467
19,0.0837866191781788,0.0,0.0,0.0,0.0,0.06923151519425905,0.0,0.0,0.00028210982888275687,0.0,0.0,0.0,0.0,0.0009344888081741321,0.00028210982888275687,0.00029092576103534307,0.0003967169468663769,0.0024596450705715368,0.0006523789792913753,0.4509437455369343,0.0,0.0,0.0006788267757491338,0.0,0.0008551454188008568,0.016044996517706796,0.00025566203242499843,0.0006788267757491338,0.0021158237166206766,0.0011637030441413723,0.0,0.02041769886538953,0.0006611949114439615,0.0005025081326974107,0.0007758020294275814,0.1396972608898802,0.025398700531600704,0.0,0.06278706879071858,0.0018601616841956781,0.028528356445768788,0.0010579118583103383,0.0,0.0017102908376017136,0.021537322248767973,0.042175419417972156,0.017146988036780067,8.815932152586153e-05,0.0,0.0,8.815932152586153e-05,7.934338937327536e-05,0.0012254145692094753,0.003164919642778429,4.407966076293076e-05
20,0.08733892411536101,0.0,0.000511352014726938,0.0,0.0,0.05144201268152996,0.0,0.038862753119247286,0.07005522601759051,0.0,0.0,0.0,0.0,0.0003068112088361628,0.0,0.0,0.0,0.062078134587850275,0.003170382491307016,0.0,0.06872571077930047,0.0,0.11597463694006953,0.0,0.001534056044180814,0.013806504397627326,0.0,0.0,0.011045203518101862,0.0,0.0012272448353446513,0.09950910206586212,0.0,0.0014317856412354264,0.0,0.013090611577009612,0.2409490693393332,0.0,0.0029658416854162406,0.0,0.02976068725710779,0.01840867253016977,0.0,0.0,0.009204336265084885,0.006238494579668644,0.03845367150746574,0.0,0.0,0.0,0.013908774800572715,0.0,0.0,0.0,0.0
21,0.05272255834053588,0.0,0.004480270932919409,3.5277723881255185e-05,0.0002822217910500415,0.027022736493041474,0.0,0.00029986065299066907,0.0032279117351348492,8.819430970313796e-05,0.0025399961194503733,0.0,0.00037041610075317944,0.02829273455276666,0.00037041610075317944,0.011606371156932957,0.0006349990298625933,0.04600215194115676,0.0024341629478066076,0.029192316511738665,0.0,0.5230628119873707,0.0,0.0,0.001993191399290918,0.003598327835888029,0.002028469123172173,0.006967350466547899,0.0066851286754978576,0.0,0.003033884253787946,0.03197925669835783,0.0,0.001993191399290918,0.0014463866791314627,0.023636075000440973,0.00938387455241388,0.005150547686663257,0.02367135272432223,0.0017991639179440145,0.055438943079392525,0.00021166634328753114,0.01862663820930274,0.00017638861940627592,0.012047342705448645,0.026493570634822647,0.002769301324678532,0.0039687439366412084,0.0005820824440407106,0.0,0.0011641648880814212,0.0,0.002151941156756566,0.015663309403277304,0.004674298414266313
22,0.02652152075644749,0.0,5.459349682265848e-05,0.0007424715567881554,0.0,0.02071277269451663,0.00010918699364531695,0.0008734959491625356,0.013298975825999607,0.0,0.0006223658637783066,0.0,0.0,0.0029043740309654315,0.0,0.0,0.0,0.018703732011442795,0.017655536872447752,0.0004258292752167362,0.00039307317712314105,0.0,0.6549581813814338,0.0034393902998274845,0.01680387832201428,0.007042561090122944,0.00039307317712314105,0.01620334985696504,0.0030244797239752795,0.0,0.0033411220055466987,0.011890463607975016,0.0003493983796650143,2.1837398729063392e-05,0.0006332845631428384,0.026303146769156856,0.011289935142925775,0.005099032603236302,0.01261109776603411,0.008341886314502216,0.021444325551940254,0.002598650448758544,1.0918699364531696e-05,0.004160024457886576,0.0020636341798964905,0.0031555041163496603,0.08053632651278579,0.00045858537331033123,0.0,0.0,0.0003275609809359509,0.00026204878474876073,5.459349682265848e-05,0.00016378049046797546,0.0
23,0.0247725953164312,0.0,0.0,0.0,0.0,0.003677182117282756,0.0,0.002515966711825044,0.21037352428875558,0.0,0.0013547513063673312,0.0,0.0123862976582156,0.014128120766402167,0.0,0.0,0.0003870718018192375,0.20708341397329205,0.0029030385136442813,0.0,0.002515966711825044,0.0,0.002515966711825044,0.22430810915424812,0.0,0.0,0.0,0.014902264370040644,0.06309270369653572,0.0,0.03270756725372557,0.10683181730210954,0.0,0.005031933423650088,0.002128894910005806,0.0,0.009870330946390556,0.0,0.0030965744145539,0.0,0.013741048964582931,0.002515966711825044,0.0,0.0,0.0044513257209212315,0.0005806077027288562,0.005031933423650088,0.0,0.0,0.0,0.012192761757305982,0.0,0.0,0.014902264370040644,0.0
24,0.010097497006670848,0.0,0.0,0.0,0.0,0.007577398939506243,0.0,0.0,0.015759165288784995,0.0,0.0006442784651348424,0.00033639318091111236,3.991105536233537e-05,0.0022122127829408748,0.0003591994982610183,1.1403158674952962e-05,0.0,0.02247562574833229,0.0011631221848452022,0.0012600490335823024,0.0,0.0,0.004196362392382691,0.0,0.7120645418781002,0.00016534580078681797,0.0,0.009476024858885912,0.0004903358230229774,0.0,0.002309139631677975,0.01728718855122869,0.012902674040709277,0.0019271338160670509,0.0014653058897314557,0.01618108215975825,0.01207024345743771,0.003415246023148412,0.015052169450937911,0.008540965847539769,0.05105764296710189,0.04950111180797081,0.0005131421403728833,0.0,0.0014424995723815498,0.003979702377558584,0.006323051485261418,0.00042191687097325965,0.0005986658304350305,0.0,0.0036946234106847602,0.0,0.001681965904555562,0.0010890016534580078,0.00021666001482410627
25,0.0779035787185926,0.0008370412793515132,0.0,0.0,0.0004552329764894195,0.06160330117332628,0.0,0.0003818083028620938,0.0017768771017812825,0.0,0.0,0.0,0.0,0.0,0.00010279454307825601,0.0012335345169390722,0.0,0.0022908498171725624,0.0,0.0070193987987723395,0.0,0.0,0.0,0.0,0.00041117817231302404,0.5700251112383805,0.0001909041514310469,0.0007636166057241876,0.002716712924211052,0.0,0.0,0.014728989529641539,0.0,0.0,0.0003818083028620938,0.02668252639617017,0.011395509346960953,0.0,0.01500800328942538,0.0,0.004611069503796056,0.0011454249085862812,0.0034509596604843087,0.0,0.117758491563505,0.05108888790989324,0.005785864281833267,0.00014684934725465144,0.00044054804176395435,0.0,0.0,0.0006020823237440709,0.0,0.019061045273653758,0.0
26,0.02873974859434874,0.00035812770834079425,0.01933889625040289,0.0013250725208609389,0.0007699745729327077,0.019786555885828883,0.0,0.025803101385954225,0.0021487662500447656,0.0017727321562869315,0.0025248003438025995,0.0,0.0,0.006159796583461661,0.0,0.0015757619166994945,0.0,0.02120116033377502,0.00012534469791927798,0.0019159832396232494,0.0,0.0,0.0002865021666726354,0.0,0.005855388031371986,0.003831966479246499,0.32260143967338745,0.009132256562690254,0.0831393474913154,0.0,0.0016652938437846934,0.2357196576299108,0.0,0.0009490384271031048,0.0029366472083945127,0.014790674354474804,0.021666726354618054,0.0,0.014378827489882888,0.0,0.03583067721949647,0.0018622640833721301,0.0010564767396053429,0.001736919385452852,0.023224581885900507,0.004709379364681444,0.007681839343910037,0.023564803208824262,0.0026859578125559566,0.0,0.0,0.0005371915625111914,0.0004834724062600722,0.01484439351072592,0.03128245532356838
27,0.00023761613697373868,0.0,3.3388684352281787e-06,0.0,0.0,0.0001179733513780623,0.0,7.957636437293825e-05,0.00026377060638302607,0.0,0.0,0.0004980478749215365,0.0,0.0017874075689921513,1.5024907958526803e-05,0.0,0.0,0.22018056600497712,1.1129561450760594e-06,0.0,0.0,0.0,4.396176773050435e-05,0.0,0.0005937621033980777,0.0,3.3388684352281786e-05,0.6921919448686044,5.731724147141706e-05,1.3911951813450743e-05,0.035656332497874255,0.0007957636437293824,0.0,0.028417109252227027,0.013230822652664193,0.0001814118516473977,0.0004340528965796632,0.00028213438277678105,7.067271521232978e-05,0.0005264282566209761,0.0004323834623620491,7.2342149429943865e-06,0.0,2.2259122901521187e-06,5.564780725380297e-07,0.0003605977910046433,0.0002264865755229781,2.7823903626901483e-06,0.00011463448294283412,0.0,0.00040901138331545184,0.0,0.002682780787705841,4.340528965796632e-05,4.451824580304237e-06
28,0.03643563925562066,0.00023391049387752887,0.006364541345039739,0.001735289477835621,1.6319336782153178e-05,0.009399937986520229,0.0,0.02348352562951842,0.004068954637683525,0.0,0.0007071712605599709,0.0,0.0003481458513526011,0.0010226784383482656,0.00010335579962030345,0.00017951270460368494,5.9837568201228306e-05,0.020094543357757944,4.895801034645953e-05,0.0003263867356430635,0.0,4.351823141907514e-05,0.0074470573515892325,0.0,0.0034325005031795516,0.0021976706866632945,0.017592245051161123,0.0015775358889414735,0.44360853174926984,0.0008268463969624276,0.0011749922483150286,0.3330232659344725,0.0006908519237778178,0.002556696095870664,0.002072555771333453,0.009905837426766978,0.009127949040151009,7.61569049833815e-05,0.008447976674227961,1.0879557854768785e-05,0.011575849557473986,3.2638673564306356e-05,0.0004188629774085982,0.0,0.0070227545952532494,0.002959239736497109,0.007865920328997831,0.0026328530008540457,0.00015775358889414737,0.0,0.00039166408277167624,0.0010389977751304189,0.00015775358889414737,0.013109867214996384,0.004194069553013366
29,0.0028383287920072664,0.0,0.0571071752951862,0.001930063578564941,0.0,0.007152588555858312,0.0,0.016008174386920985,0.0,0.0,0.001930063578564941,0.0011353315168029065,0.0,0.000340599455040872,0.0,0.0,0.003519527702089011,0.056766575840145335,0.0,0.0004541326067211626,0.0,0.0004541326067211626,0.011920980926430519,0.0,0.0,0.0,0.013623978201634879,0.013510445049954588,0.011239782016348775,0.15474568574023614,0.002043596730245232,0.22683923705722073,0.0,0.0023841961852861036,0.0023841961852861036,0.013964577656675749,0.1676884650317893,0.0,0.0,0.0,0.030881017257039057,0.0,0.022366030881017258,0.0,0.004200726612170754,0.0,0.010445049954586741,0.023841961852861037,0.0,0.0,0.0,0.0,0.13351498637602183,0.004768392370572207,0.0
30,0.0002739774180574898,5.065997541440377e-05,0.0,0.00011682810656791073,0.0,0.0001292346311591933,0.0,6.099874590713923e-05,0.0010772998853430353,0.0,2.0677540985470927e-05,0.000868456721389779,3.101631147820639e-05,0.004456010082368985,5.7897114759318596e-05,0.00012820075410991977,0.0,0.1187955745926783,0.0003174002541269787,2.0677540985470927e-05,1.6542032788376742e-05,0.0,6.513425410423343e-05,0.00014887829509539066,0.00039183940167467405,0.0,0.0,0.0760509618675128,2.6880803281112207e-05,0.0,0.6446192385909083,0.00021297867215035052,0.0,0.09700868353333685,0.04649551865992992,0.0006503086639930606,0.00012613300001137264,0.0004197540820050598,0.00032256963937334646,0.00044560100823689847,0.0003391116721617232,0.0001447427868982965,0.0,0.0,0.0003825345082312122,0.0002739774180574898,0.0007609335082653302,0.0,0.0,0.0,0.00039804266397031534,0.0,0.004291623631534491,3.101631147820639e-06,0.0
31,0.011011848385341335,0.0006065987874593914,0.001171589715851171,0.00024088760512827817,0.00018176064750588262,0.012698061621239282,0.0,0.010512554076529996,0.0011464060116786693,0.00010401964766902922,0.0006372572099302632,2.5183704172501812e-05,0.0,0.000916467843147131,3.3943253449893746e-05,0.00033943253449893743,0.0,0.004513357765176194,0.0003054892810490437,0.002239159784033313,4.598763370630765e-05,0.0005890796889046076,0.0003897999428439411,0.0,0.00045878139340340253,0.001318312166247486,0.00242749009349724,0.0007839796603265781,0.04752055482985124,2.1898873193479834e-06,0.0006065987874593914,0.8134040812929972,0.00029016006981360783,0.0016281812219352259,0.0008715751531004974,0.0070010697599555026,0.015560244347627096,0.00020584940801871045,0.0026858967971803015,9.088032375294131e-05,0.009391331769023827,0.0005890796889046076,0.00039089488650361507,0.0,0.007056911886598877,0.0035443326263647113,0.005641149734640405,0.0021438996856416757,0.0002244634502331683,0.0,0.0006055038437997175,0.0006361622662705892,9.19752674126153e-05,0.02542568672128976,0.0016938778415156652
32,0.03381605299645663,0.0,0.001309505469111077,0.0,0.0,0.04625635495301186,0.0,0.0,0.015444461562162996,0.0,0.0,0.0,0.0,0.0003466338006470498,0.0,0.0,0.0,0.0036974272069018647,0.0,0.002965644738869204,0.0,0.0,0.005430596210137114,0.0,0.11874133415498384,0.0,0.0,0.0012324757356339548,0.0011939608688953938,0.0,7.702973347712218e-05,0.006894161146202435,0.5898551841010631,0.0,0.004506239408411647,0.0033893082729933755,0.0015405946695424434,0.0,0.021183176706208597,0.0007702973347712217,0.08939300570020028,0.015752580496071485,0.0,0.0,0.0002696040671699276,0.0,0.0076644584809736575,0.0,0.0,0.0,0.0269218918502542,0.0,0.00042366353412417193,0.0,0.0009243568017254662
33,0.00029262499572810225,3.2039233108916305e-06,0.0,0.0,0.0,0.00041651003041591196,0.0,0.0,0.0015838060900174292,0.0,4.0583028604627314e-05,3.6311130856771814e-05,0.0,0.004064710707084515,0.0,0.0,0.0,0.18323557807320326,0.0001516523700488705,7.582618502443526e-05,7.475821058747138e-06,6.407846621783262e-05,7.155428727657975e-05,0.0,0.0006076774546324459,0.0,4.1651003041591194e-05,0.08125042718977478,0.00036631523187860977,0.0,0.11187566214415093,0.0007251546426984723,9.398175045282115e-05,0.5896212108266976,0.016930598749188338,0.0002755374047366802,0.000624765045623868,0.00011854516250299034,0.0006055415057585181,0.0001516523700488705,0.000571366323775674,4.271897747855507e-05,0.0,0.0,0.00038019889955914017,0.0001377687023683401,0.000330004101021838,6.728238952872424e-05,0.0,0.0,0.0006333088411195789,0.0007358343870681111,0.0037688817880455216,0.0,0.0
34,0.00043488579056659746,1.1865915158706616e-06,0.0,0.0,0.0,0.0004431919311776921,0.0,4.746366063482646e-06,0.001852862652032038,0.0,0.0,0.0004752299021062,0.0,0.001040047463660635,9.314743399584694e-05,6.5262533372886385e-06,3.7377632749925845e-05,0.034820528033224565,0.0,2.1358647285671908e-05,0.0,4.746366063482646e-06,1.1865915158706616e-05,0.0,1.423909819044794e-05,3.559774547611985e-06,0.0,0.02363690299614358,0.00036072382082468114,0.0,0.022374369623257194,0.00047878967665381195,8.306140611094631e-06,0.009505191337881934,0.9002646099080392,0.00010738653218629487,0.0007778107386532188,0.0005250667457727678,0.00017620884010679326,0.000999110056363097,0.00044200533966182144,0.0,0.0,0.0,1.0086027884900624e-05,1.5425689706318603e-05,1.423909819044794e-05,8.721447641649364e-05,0.0,0.0,0.0001328982497775141,3.559774547611985e-06,0.000783743696232572,0.0,3.0851379412637206e-05
35,0.05077649563236279,2.5725085656496143e-05,1.1254724974717064e-05,9.968470691892256e-05,0.0004067779169433453,0.017920737795456627,0.0,0.00031513229929207775,6.270489628770935e-05,0.0,0.00037462155987272506,0.0,0.0,3.215635707062018e-05,0.0,0.0,0.0,0.0009759454370933225,5.1450171312992286e-05,0.006825186788239133,5.788144272711632e-05,2.7332903510027152e-05,0.0004308951847463104,0.0001270176104289497,0.0005273642559581709,0.0006383036878518105,0.00046144372396339956,0.00022027104593374823,0.00019293814242372107,0.0,4.019544633827522e-05,0.003178655896430805,0.0,8.682216409067448e-05,8.039089267655044e-05,0.8395429938533122,0.0015595833179250789,5.627362487358532e-05,0.05538771723628973,3.215635707062018e-06,0.011319037688858303,0.00018811468886312805,1.607817853531009e-05,0.0,0.0028185046972398586,0.0021239273845144627,0.0006994007662859889,1.76859963888411e-05,0.0005337955273722949,0.0,0.0,0.0009904157977751015,1.1254724974717064e-05,0.0007476353018919192,3.697981063121321e-05
36,0.03309120065671727,0.00012170269225445884,0.000849532518482105,0.0010356660478124538,0.0,0.04236685486834632,0.00032931316727677096,0.0012027089587499462,0.0014962272165401117,0.0,4.534021868303369e-05,0.0,1.6704291093749255e-05,0.00024101905720981065,4.534021868303369e-05,8.113512816963922e-05,0.0,0.00615195177709794,0.000921122337455316,0.0015988392904017143,0.00016704291093749254,9.783941926338849e-05,0.004073460699575711,0.0002601096756026669,0.0033790394555355636,0.006426379416495248,0.0005560142606919395,0.0017897454743302772,0.0064287657437943554,0.0,0.00034840378566962723,0.03139213561975306,0.0007779426995088938,0.0004963560782142635,0.0006872622621428264,0.01127301016098164,0.7235869362898337,0.001393615142678509,0.010447340915490605,0.0005607869152901535,0.04555260181265421,0.0014866819073436836,0.0008208965908928205,0.0,0.008395099438258554,0.0021954211151784734,0.0419850425004892,0.00013602065604910105,6.443083707588999e-05,0.0,0.0007755563722097868,0.0005655595698883676,6.204450977678294e-05,0.004166527464240885,5.727185517856887e-05
37,0.009316902791654926,0.0,0.0001793354341198473,0.0,0.0,0.0007941997796736096,0.0,0.0007002621713251182,0.008035935405084587,0.0,0.0,5.9778478039949106e-05,0.0,0.016806292111802835,0.0017762747760442022,0.0,0.0,0.08002630253033759,0.0022288832526323877,0.005935148891109233,0.0,0.0,0.0021007865139753544,0.0,0.001878752166969829,0.0,0.0,0.012451002997463686,0.0012468082562617955,0.0,0.007105099104176809,0.010444154091836822,8.539782577135586e-05,0.008616640620329807,0.004022237593830861,0.005858290847915013,0.007088019539022538,0.6756078190249276,0.00545692106678964,0.07930042101128107,0.024235902953910794,3.415913030854235e-05,0.0,0.0,0.000828358909982152,0.0,0.008582481490021264,0.0,0.0,0.0,0.007002621713251181,0.0,0.012194809520149619,0.0,0.0
38,0.1116217627068086,2.1306742518670036e-05,0.0013700235439504836,0.0,0.0,0.02677405264896077,0.0,7.031225031161113e-05,0.0023778324650835765,0.0012017002780529901,0.00020454472817923238,0.0,0.0,0.00041548147911406574,5.3266856296675095e-05,0.0,0.0,0.0032705849766158507,6.392022755601012e-06,0.006903384576049092,0.00019815270542363137,0.0,0.0016597952422043958,0.0,0.0022244239189491517,0.00041761215336593273,0.00025781158447590744,0.0005156231689518149,0.0025823771932628084,1.704539401493603e-05,1.2784045511202024e-05,0.007107929304228325,0.0009694567845994867,0.0001725846144012273,0.00024076619046097144,0.15005699553623747,0.007031225031161112,0.0,0.5437395463794519,0.0013849382637135526,0.10336753065507583,0.006276966346000193,0.00039417473659539575,0.0,0.007284775267133286,0.0010035475726293587,0.0024587980866545224,0.00037073731982485865,0.0012336603918309953,0.0,9.801101558588219e-05,0.00032386248628378457,0.0002258514706979024,0.00229686684351263,0.0017855050230645491
39,0.0029543237049306803,0.0,0.0,0.00019967779265276487,0.0,0.0009530076467518324,0.0,0.0,0.0013523632320573621,0.0,0.0,0.0,0.0,0.012815683782986547,0.00048104195502711536,0.0,0.0,0.08664200948469515,0.0014249733384765493,0.0,0.0,0.0,0.0,2.2690658255996008e-05,0.000875859408681446,0.0,6.807197476798803e-05,0.014925915000794175,0.0002359828458623585,0.0,0.0060992489392117264,0.0002859022940255497,0.0,0.007891810941435411,0.004728733180549568,0.0003812030587007329,0.0007805586440062627,0.020707494724421956,0.0011118422545438043,0.8068888838465205,0.0015611172880125254,0.0006671053527262827,0.001238909940777382,0.0,0.0002722878990719521,0.0012298336774749837,0.00046742756007351775,0.0,0.0,0.0,0.0024460529599963695,0.0,0.02023552903269724,5.4457579814390426e-05,0.0
40,0.05105336480521147,0.0001693685685223131,1.6643154132250423e-05,7.538369812842839e-05,3.230729919789788e-05,0.012137754407743572,0.0,0.000636355893291928,0.0009594288852709066,6.853063466220762e-06,0.00014097730559082711,5.874054399617796e-05,0.0,0.000867402033010228,3.3286308264500846e-05,0.00018601172265456353,0.0,0.003987503928273881,0.00016447352318929828,0.002121512647328627,0.0,3.3286308264500846e-05,0.0036174385010979597,0.0,0.007040054197941928,0.0030760464872665195,2.3496217598471187e-05,0.000547266068231058,0.0008595699604774041,0.0,0.000318177946645964,0.0036800950813605494,0.0008194305887466825,0.0004983156149009096,0.0002917447018476839,0.012303206939999473,0.007908435240018758,0.0006481040020911635,0.036937033073863305,1.468513599904449e-05,0.8258636573233307,0.011426993825389819,0.00011650207892575297,8.419477972785508e-05,0.0026041641171638897,0.003079962523532931,0.004932247677545743,8.811081599426694e-05,0.0,2.9370271998088983e-06,8.517378879445805e-05,8.517378879445805e-05,0.00012237613332537076,0.00023789920318452074,6.853063466220762e-06
41,0.03275963504944762,0.0,0.0,0.00013073970658274421,0.0,0.015371254073942643,0.0,0.0002988336150462725,0.008526096579288963,0.0,0.00045758897303960477,0.0,0.0,0.0002241252112847044,0.0,0.0,0.0,0.0028295807924693926,0.0005789901291521531,0.01016968146204346,1.8677100940392032e-05,0.0,0.001746308937926655,0.0,0.02397205905699317,0.0005322973768011729,0.0,0.0,0.001718293286516067,0.0,0.0002241252112847044,0.019442862078948107,0.0013167356162976382,0.00023346376175490042,0.00024280231222509641,0.008096523257659945,0.020544811034431235,0.0005229588263309769,0.028165068218111183,0.00030817216551646854,0.1673935171782636,0.6359085942679977,0.0,0.0,0.0032031228112772334,7.470840376156813e-05,0.012616381685234818,0.0,0.00016809390846352827,0.0,0.00019610955987411634,0.0,0.0,0.0010832718545427378,0.0009245164965494056
42,0.013958021840755534,0.0,0.013144198194447076,3.785226261899806e-05,0.0,0.004561197645589266,0.000312281166606734,0.006198308003860932,0.000993621893748699,0.000293355035297235,0.005157370781838486,0.0002555027726782369,0.0,0.009481991786059013,0.0,0.0015330166360694216,0.0003406703635709825,0.019844048678009735,0.0,0.005545356473683216,0.0003974487574994796,0.0035770388174953165,0.003037644075174594,0.0,0.0,0.000681340727141965,0.0017412040804739108,0.0014194598482124272,0.0031133486004125905,0.001286976929045934,0.0025171754641633713,0.04741942199594982,0.0005488578079754718,0.0027064367772583614,0.003435092832674074,0.00468421749910101,0.0068228703370744005,0.0,0.011573329295758657,0.0,0.011630107689687155,0.0008800651058917049,0.7494369475935426,0.0007570452523799611,0.003435092832674074,0.0054317996858262215,0.008422128432727069,4.731532827374757e-05,0.026439805439370148,0.004277305675946781,0.0006150992675587185,0.0,0.009595548573916007,0.0016749626208906643,0.0007381191210704622
43,0.04463642908567315,0.0,0.023758099352051837,0.0,0.0,0.003599712023038157,0.001583873290136789,0.0,0.004031677465802736,0.0028797696184305254,0.03772498200143988,0.0,0.0,0.0,0.0,0.0,0.00028797696184305253,0.0004319654427645789,0.0,0.009071274298056155,0.0,0.011951043916486681,0.0046076313894888405,0.0,0.0021598272138228943,0.0,0.0,0.001583873290136789,0.010367170626349892,0.0,0.0,0.04348452123830093,0.01468682505399568,0.00028797696184305253,0.0,0.006767458603311735,0.002735781137508999,0.00734341252699784,0.0,0.0,0.042044636429085666,0.0,0.1485961123110151,0.5563714902807776,0.00734341252699784,0.004175665946724262,0.0,0.0005759539236861051,0.0,0.0046076313894888405,0.0,0.0,0.0,0.0023038156947444203,0.0
44,0.06445443400081732,0.00013077237433592153,0.0018226399673069063,0.0002084184715978749,0.0,0.11426644871270943,8.173273395995094e-05,0.0007723743359215364,0.0013199836534532078,0.0,0.0,0.0,0.0,0.0002002451982018798,0.0,8.990600735594604e-05,3.6779730281977924e-05,0.000821413976297507,0.00017572537801389455,0.014605639558643236,0.0,0.00036371066612178176,0.0036820596648957904,0.0,0.001994278708622803,0.023502247650183893,2.0433183489987736e-05,0.004491213731099304,0.0040089906007355946,0.00017981201471189208,0.00045770331017572533,0.04380465876583571,0.000514916223947691,0.00016755210461789945,0.0005925623212096443,0.03117695136902329,0.01327748263179403,4.086636697997547e-05,0.019272578667756432,0.00016755210461789945,0.028128320392317118,0.0011156518185533304,0.0002247650183898651,0.0,0.5918471597874948,0.01928483857785043,0.002893338782182264,0.00015120555782590926,2.8606456885982833e-05,0.0,0.00021250510829587247,0.00010216591744993869,0.0,0.009055986922762565,0.000253371475275848
45,0.03041666960377265,0.0006802337466428877,0.0050330248197204336,1.0573581554034525e-05,5.991696213952897e-05,0.033694479885523355,0.0,0.0010538336282187744,0.008444767134488907,0.0,0.0,0.0,0.0,0.004141319441996855,0.0007683469262598421,0.002918308508913529,4.9343380585494446e-05,0.00341879136913783,0.0005075319145936572,0.011486434094866172,0.0,0.0013181731670696374,0.0011701430253131541,0.0,0.0011137505903583032,0.020699548155614922,7.753959806291984e-05,0.002675116133170735,0.004046157208010544,0.0,0.0010890789000655562,0.022930573863516206,0.0,0.0011102260631736251,0.00017622635923390876,0.027103614050175164,0.006960941189739395,0.0007331016544130604,0.0066049639440869,0.0007401507087824167,0.018080824457399038,0.002555282208891677,0.0004617130611928409,0.0,0.017086907791319793,0.7516159957141748,0.0033553498798136227,0.0006167922573186806,0.0,0.0,0.0008388374699534057,0.0006837582738275659,0.0001691773048645524,0.0025870029535537803,0.0007154790184896695
46,0.030774341628412662,0.0,0.00014345252476443584,0.0006002355641459289,0.0,0.019199987919787387,0.0,0.00036995651123459774,0.010166253926069098,0.0,0.0,0.0,0.0,0.00118914592896835,0.0005926854312635903,2.265039864701619e-05,0.0,0.003948719497463156,0.002363191592172022,0.0029483268905532737,0.0003888318434404445,0.0,0.024220826286542645,9.815172747040349e-05,0.0029181263590239187,0.0015364520415559314,0.00032465571394056533,0.0009513167431746799,0.002691622372553757,0.0,0.0006115607634694371,0.019101836192316982,8.682652814689538e-05,0.00010947692679391157,0.00022650398647016187,0.0075463578158975605,0.06520672263831843,0.0007399130224691955,0.008391972698719496,0.00017742812273496014,0.04842655230732061,0.0019517093500845616,0.0,0.0,0.001472275912056052,0.006360986953370379,0.7269947451075138,0.0,0.0,0.0,0.0009701920753805266,0.0012910727228799227,0.00219708866876057,0.002249939598936941,0.0004379077071756463
47,0.005082103302354775,0.000911134058191095,0.02326428961914596,0.0,0.008989856040818806,0.01666362955313936,0.0,0.00581101054890765,0.0007694020935835914,0.0,0.0,0.0,0.0,0.0,0.0,0.0008706392111603797,0.0,0.0034623094211261615,0.0,0.006215959019214803,0.0,0.0015792990341978981,0.005608536313754074,0.0,0.0,8.098969406143068e-05,0.0050618558788394176,0.0005871752819453724,0.029642228026483624,0.0029561238332422193,0.0019235052339589783,0.08088845694385388,0.0,0.0,0.0,0.00364453623276438,0.009941484946040616,0.0,0.0038875053149486725,0.0,0.009597278746279535,0.0,0.00014173196460750368,0.0,0.0035837939622183077,0.008584907570511651,0.0015792990341978981,0.6545384599809673,0.002935876409726862,0.0,0.00022272165866893433,0.000425195893822511,0.0005669278584300147,0.005912247666484439,0.09406952965235173
48,0.0290145600337624,0.0,0.09316311458113527,0.0,0.0,0.0013715973834142227,0.0,0.003270732221987762,0.0,0.023422663009073648,0.0,0.0,0.0,0.0022156573116691287,0.0,0.014665541253428997,0.0,0.011078286558345644,0.0,0.00010550749103186327,0.0,0.0026376872757965823,0.0,0.0033762397130196247,0.0022156573116691287,0.0,0.0039037771681789415,0.0017936273475416757,0.007596539354294156,0.0005275374551593164,0.008229584300485336,0.05707955264823804,0.0,0.0,0.0035872546950833513,0.00611943447984807,0.04526271365266935,0.0009495674192867695,0.0035872546950833513,0.0,0.0238446929732011,0.0,0.267778012238869,0.0,0.010023211648027011,0.0035872546950833513,0.0017936273475416757,0.0026376872757965823,0.3306604768938595,0.0,0.0,0.0,0.0,0.029120067524794263,0.005380882042625027
49,0.4494064443188242,0.0,0.0022611644997173543,0.0,0.0,0.028829847371396267,0.0,0.0,0.0005652911249293386,0.0,0.02374222724703222,0.0,0.0,0.0,0.0,0.0,0.0,0.0,0.0,0.006783493499152063,0.0,0.0,0.0,0.0,0.0322215941209723,0.011305822498586771,0.0,0.0,0.0,0.0,0.0,0.08705483323911815,0.0,0.0,0.0016958733747880158,0.01582815149802148,0.0,0.0,0.09723007348784624,0.0,0.035613340870548335,0.0,0.03109101187111362,0.0,0.01978518937252685,0.03787450537026569,0.030525720746184284,0.0,0.0045223289994347085,0.08366308648954211,0.0,0.0,0.0,0.0,0.0
50,0.014529577547056848,0.00023850897815939212,0.00030178687032412886,0.0,0.0,0.002589526048587686,0.0,0.0008420827188076498,0.0697225021052068,0.0,0.00017036355582813724,0.0,0.00016062849549510082,0.02489254927157411,0.022634015274309662,1.9470120666072828e-05,0.0,0.051464396450597,0.002652803940752423,0.00047215042615226605,0.0,0.0,0.0011925448907969605,1.460259049955462e-05,0.0008031424774755041,0.00011195319382991877,0.0,0.010878929922168191,0.0037187930472199096,0.0,0.002759889604415823,0.006152558130479013,0.0005208257278174482,0.0057534206568245205,0.008722614058400626,0.0018739991141095097,0.0005695010294826301,0.0016598277867827086,0.00380154106005072,0.0006619841026464761,0.00724775241794561,0.00017523108599465544,0.0,0.0,0.0007934074171424677,0.0009150956713054228,0.002896180449078333,0.0,0.00022390638765983753,0.0,0.7417337168947103,0.00023364144799287393,0.005714480415492375,0.00016062849549510082,1.9470120666072828e-05
51,0.016395657853249854,0.004774559704517814,0.0,0.011846313229133824,0.0,0.02765641187333904,0.0,0.002117021755776767,0.018963109769830188,0.0,0.0,9.008603216071348e-05,0.0,0.01022476465024098,0.007837484797982073,0.0,0.0,0.11823791721093645,0.004639430656276744,0.0015314625467321291,0.00031530111256249723,0.0005855592090446376,0.045268231160758524,0.0,0.016981217062294492,0.0,0.010990495923607044,0.027746497905499757,0.012882302598982029,0.0,0.0048196027205981715,0.10323859285617766,0.0,0.0031980541417053285,0.08418539705418675,0.01743164722309806,0.043241295437142474,0.0,0.004594387640196387,0.0,0.0617539750461691,0.0,0.0,0.0,0.0030178820773839017,0.010675194811044548,0.04351155353362462,0.0,0.0,0.0,0.0014413765145714157,0.27034818251430115,0.008918517183910634,0.000540516192964281,0.0
52,0.003044405939885154,0.0,1.1455901937479414e-05,2.5775779359328683e-05,0.0,0.0021565735397305,0.0,0.0,0.00372316812968081,0.0,0.0,1.4319877421849267e-05,0.0005011957097647244,0.009766156401701202,0.0,0.0,0.0,0.24775965517735166,0.0002949894748900949,8.019131356235591e-05,4.582360774991766e-05,0.0,0.00020047828390588976,4.0095656781177954e-05,0.0012143256053728179,6.300746065613677e-05,8.591926453109561e-06,0.031245972534475103,5.155155871865737e-05,0.0,0.007059699568971689,0.0008133690375610385,0.0,0.0072229461715807705,0.010473558346340556,0.0002090702103589993,0.00022052611229647875,0.0033995388999470168,0.00019761430842151989,0.006701702633425457,0.0013546604041069408,0.0,0.0,0.0,0.000469691979436656,0.0,0.0009307920324202025,0.0,0.0,0.0,0.0008506007188578466,0.00023770996520269786,0.6595592341729555,5.155155871865737e-05,0.0
53,0.017391041040030683,0.00036336475765589356,0.0005551406019742818,4.0373861961765955e-05,0.0,0.008185800512748047,0.0,0.0020085996325978563,0.004027292730686154,8.074772392353191e-05,0.00016149544784706382,0.0,0.0,0.0,0.0004037386196176595,5.0467327452207435e-05,0.0010497204110059147,0.0022003754769162444,0.0,0.0034620586632214305,0.00048448634354119143,0.0,0.0,0.0,0.010890849264186367,0.0016654218059228454,0.0007368229808022285,0.00023214970628015425,0.025203383329632397,0.00018168237882794678,0.0007368229808022285,0.24636130569069584,0.00011102812039485636,0.00535963017542443,0.0,0.009861315784161336,0.006540565637806085,2.0186930980882978e-05,0.0031996285604699516,0.0004037386196176595,0.023255344489977188,0.0031693481639986274,0.006439630982901669,0.0,0.028120394856369985,0.027635908512828794,0.003845610351858207,0.003997012334214829,0.0,0.0,8.074772392353191e-05,0.000454205947069867,0.0,0.5476714375113552,0.0033611240083170155
54,0.02942485754985755,0.0,0.017138532763532763,0.0,0.0,0.05332977207977207,0.0,0.001379985754985755,0.02728810541310541,0.0,0.0,0.0,0.0,0.0,0.0,0.001914173789173789,0.0,0.02297008547008547,0.00013354700854700853,0.00899216524216524,0.005787037037037036,0.0,0.006810897435897435,0.0,0.0016025641025641023,0.003116096866096866,0.0003116096866096866,0.0,0.039574430199430195,0.0,0.0,0.06290064102564102,0.0,0.0,0.0,0.0013354700854700853,0.007211538461538461,0.008547008547008546,0.0,0.0,0.00449608262108262,0.0,0.0,0.0,0.003828347578347578,0.001558048433048433,0.03432158119658119,0.2841435185185185,0.0,0.0,0.0,0.0,0.0,0.005163817663817663,0.36672008547008544
