,36001,36003,36005,36007,36009,36011,36013,36015,36017,36019,36021,36023,36025,36027,36029,36031,36033,36035,36037,36039,36043,36045,36047,36049,36051,36053,36055,36057,36059,36061,36063,36065,36067,36069,36071,36073,36075,36077,36079,36081,36083,36085,36087,36089,36091,36093,36095,36097,36099,36101,36103,36105,36107,36109,36111,36113,36115,36117,36119,36121,36123
0,0.6284930758571469,0.0,0.007167775793235793,0.00017792763644815238,3.953947476625608e-05,0.00025783724721524975,0.001956207207448174,0.0,0.00016031761827494585,0.00044506828949075647,0.004699382868542377,5.21655255319513e-05,0.0011090988804181748,0.006079609575929165,0.004356818175399436,0.0010481283457996202,0.0008319902925605482,0.00208728555026572,8.971141333520288e-05,0.003207515291227337,0.00027395207516620285,0.00043759233837948957,0.014853551932358924,0.0,0.00022427853333800718,0.0022073991647867416,0.00045254424060202337,0.0020449218273018745,0.003004833949988545,0.007572972343466459,0.00038775266430437686,0.002658282082919595,0.008315915751679472,0.0007213462161137979,0.002843187273738263,0.0,0.0006691806905818467,0.0009052546134509638,0.0001772631074604842,0.009051715473275053,0.11698767016303055,0.0007250011255459729,0.0034997419135544146,0.000925522747574843,0.043501064326239874,0.08489773148078157,0.0025875097457329346,1.4121240987948602e-05,0.0,0.00020018935753503603,0.006951305475502887,0.0004309470485028079,6.130279911238864e-05,0.0003468841315627844,0.005315733504604604,0.003874370130352345,0.0022942863299243547,0.0002153073920044869,0.008058078504464222,0.0,5.183326103811722e-05
1,0.008589892294946149,0.1678462303231152,0.02624954432477217,0.0017047224523612265,0.03673371996685999,0.0014886495443247724,0.014596188898094452,0.043979453189726604,0.0009067108533554269,0.0,0.0031787903893951953,0.0003141673570836786,0.0001749792874896438,0.0015801159900579954,0.2291141673570837,0.0,0.0,0.002854018227009114,0.0065617232808616414,0.0018730737365368687,0.00028632974316487164,0.008699917149958577,0.0535714995857498,0.0,0.011960894780447392,0.0010246893123446563,0.13660182270091137,9.279204639602322e-06,0.009849212924606464,0.028314830157415084,0.006170671085335543,0.013735874067937037,0.015685832642916325,0.02901342170671086,0.0006230323115161559,0.002921623860811931,0.005460149130074567,0.0009385252692626348,0.0,0.019409444904722455,0.004729743164871583,0.011856172328086166,0.0070455675227837624,0.0002903065451532726,0.006077879038939521,0.0,0.0,5.5675227837613926e-05,0.0014846727423363714,0.02431549295774648,0.009500579950289977,0.0008430820215410109,0.0007701739850869927,0.009454183927091965,0.00243777961888981,0.0,0.0002014913007456504,0.007339850869925437,0.006975310687655345,0.011762054681027341,0.0028367854183927095
2,0.00022603139919365222,0.0,0.6601221979369677,0.0010078852743409168,0.00020399482005337925,3.979101285717457e-05,0.0,0.0008778398117911443,0.00028295099374431255,8.442414400077684e-05,8.218425254855178e-05,2.994207838342027e-05,0.00018143120763022973,0.0018104581454212632,0.00029803732146665193,0.00016453320299800246,8.709224999533906e-05,7.885735495039397e-05,0.0,7.06224599054489e-05,6.587916035956055e-08,9.796231145466654e-05,0.041900760028109316,0.00010995231864010655,1.2714677949395186e-05,0.00011762724082199535,0.0004796332269977806,7.1808284791921e-06,0.016715651116352016,0.13403895843202854,7.94832069738098e-05,0.0003091050204070581,0.0010308441617262237,0.0001380827201136389,0.0031030731508362008,0.0,9.806113019520588e-05,0.00021914702693607817,0.000344943283642659,0.0734943960221636,0.00011057817066352239,0.0034751586485469986,0.004940475872844525,0.00021259205048030188,0.0002664153244940629,0.0005572718174815226,0.0,1.6140394288092333e-05,7.477284700810122e-06,3.4257163386971486e-06,0.006106833467430363,0.0005557565967932528,8.185485674675398e-05,0.0002991572671927645,0.0003288028893545667,0.00022744780114138279,0.00013123128743624464,1.334052997281101e-05,0.04462440215485463,3.9527496215736333e-07,9.532714504028412e-05
3,0.002484997902174334,0.00011084099891759244,0.009636996830344077,0.7402691298783259,0.00032414932287828723,0.00697042242099659,0.0014367461489914568,0.010738575664517127,0.0036808907473547996,0.002063008810867794,0.0007397479788595584,0.00345502191258237,0.0013909113025205638,0.00589881252490066,0.007831368311197451,0.0,3.768153243520539e-05,0.0013159889573277576,0.0004374142800227058,7.29391066435847e-05,0.0043825164741015474,3.239289630394849e-05,0.017428920730395904,0.0009728886883124665,0.0005361354878061678,0.000995806111547913,0.008017572374985455,0.002422195348115658,0.007487827322504556,0.02393328209232548,0.0003695434496715756,0.008743437684000464,0.020916996618798627,0.002015411085686482,0.0052467677618844456,5.508995970059267e-05,0.0015083630966022273,0.005636584316725839,0.001035030162854735,0.013294309074947023,0.0009453437084621702,0.0020962831465269525,0.0034122721038547096,0.00012736798682777025,0.003997327475875004,0.007408497780535702,0.0017908644099468663,0.0005489163584567053,0.0013655699210582911,0.004257572445500604,0.003976834010866384,0.0008336212701893682,0.01783217923540424,0.013835292479206843,0.002237093083521667,2.8646779044308186e-05,0.0005850553720202941,0.0008838633134363087,0.009706850899244428,0.00012119791134130387,8.2634939550889e-05
4,0.0003595251333340942,0.02026873892279422,0.023903937493172284,0.006430689913241124,0.3366296597636754,0.0021237255608510556,0.031265642604298975,0.0009391676952400829,1.0598246560868992e-05,0.0,0.0010043876740761998,0.00024131392169363244,0.0004467568550274006,0.0020030686000042396,0.26435532496669706,0.0008690562179912573,0.00034485063809596794,0.0,0.006770649052924383,0.0,0.0006081763026467899,0.0005103463343926146,0.01945838068575547,0.00015326695026487465,0.004048530186251955,2.4457492063543828e-05,0.06376231230912965,0.0,0.00736007461165579,0.04068585329744061,0.023550934357721803,0.000842152976721359,0.02246665220957136,0.008636755697372777,0.005868982845515067,0.007987001658217963,0.003923796976727881,0.0006766572804247126,0.0005119768338635174,0.029529160667787362,0.00019565993650835062,0.010990381683621145,0.00601572779789633,0.003950700217997779,0.00013940770476219983,0.00011984171111136476,5.6252231746150796e-05,0.0012571150920661527,0.0006269270465621735,0.007275288639168836,0.005367604258212419,0.0007989447407424317,0.0033677966571499848,0.0053627127597997105,0.0009301999481501168,0.0,0.0,0.0022411215227560663,0.0026096144031801266,0.009478093424358685,0.0006440472910066541
5,0.0015363675451256617,0.001846516608379639,0.01264559204922949,0.022007575031425704,0.0008640355801909917,0.4508273380309848,0.0,0.008543134682744211,0.0016794606007991303,0.0,8.21586922527092e-06,0.004812445398702441,0.0005778494688440546,0.003292509592027321,0.004831615760228072,0.0,1.1639148069133802e-05,0.0,0.0006716473091658977,0.00041627070741372655,0.00018622636910614084,0.0060995982439948845,0.012367621807107824,0.0,0.00021977450177599705,0.003630729541800974,0.06527234237170236,0.0,0.011859607226678571,0.01604970053156674,0.0034821592399773243,0.0014494162624915446,0.21035226908614887,0.01396903165026688,0.002221707969667011,8.147403648393661e-05,0.01748405436714529,0.00158908603932115,0.0,0.026066899084478307,0.0013966977682960562,0.0006189288149704092,0.00138437396445815,0.0,0.0007031414745294362,0.0006497383245651752,0.0004491341843148102,0.000692186982229075,0.022900366153905144,0.008846437188310461,0.004175030877975172,0.001726701848844438,0.0025510273944466203,0.026047044067183906,0.0016301653854475047,0.00020128879601913753,0.0,0.011711721580623696,0.00406822457804665,3.6286755744946554e-05,0.003257592147819919
6,0.0005379385889596058,0.0008737886891904348,0.0074606442609942095,0.009483336737626597,0.024962085813496543,0.0023422742727616168,0.6652373455188956,0.002099334264844375,0.0,0.0,5.8927412634687995e-05,0.0003029519741587027,0.0,0.00019196598839889156,0.16106705614191744,0.0,0.0006294026097974956,0.0,0.003093146886517733,0.0,0.0001540066121618226,0.0005104632309213463,0.01039580783879195,0.0,0.004981716233779144,0.001194816556795361,0.02774613492208386,0.0006623007358696222,0.004007787094896633,0.007792879182535794,0.015611064615896302,0.0019615959567841536,0.0056805302744101374,0.002075835603364285,0.00028089938415431023,0.0014265495107759437,0.0027930870553104265,3.615178689244662e-05,0.00013123098641958125,0.012294861204252173,0.00016412911249170765,0.000807992437046182,0.0005310697494500409,0.0001583448265889162,0.000455150996975903,0.0,0.0007027907371891623,0.00018328955954470435,0.0002494473295578817,0.0013068870961619454,0.003744240568450697,0.0010541861057837435,0.0,0.0011355276262917484,2.2414107873316907e-05,0.0002046191138112479,5.8565894765763536e-05,0.0006069885019241788,0.007296876666371426,0.003076517064547208,0.00016304455888493426
7,0.0041620625306624005,0.0015004516256229914,0.009507636370305503,0.030220517099875752,0.00029630767396756556,0.004785626842609617,0.0019182626397861544,0.6906874567287634,0.0007616883920752313,0.0014408462134515663,0.0,0.0017142287288916607,0.0004997684558988726,0.0010247545861779637,0.011338783407687267,0.0,0.0,0.0001730849468824077,0.00258309223708282,0.0,0.00043213923824283253,0.004022219063644826,0.027675251374363257,0.0007060948826461137,0.00280030811413061,0.0005043534876043669,0.03497118307573097,0.0026931329980146817,0.004920312148958511,0.013599777167459116,0.002770505408044897,0.006683256839721048,0.014921985685531018,0.0021968033158949298,0.001499305367696618,0.000770285326523033,0.0015526063612729885,0.001350291837268055,0.0,0.01906570808937144,0.0023332080091333835,0.003024974667699828,0.0016832797648795746,1.260883719010917e-05,0.002647855809922926,0.0011600130214900438,0.0,0.005038949844338175,0.004520268132654138,0.027019018711514395,0.0008556815420378633,8.998124722032455e-05,0.01795154538493634,0.02011453409200325,0.0005163891958312894,0.0,0.0002326903590538329,0.001086652514202136,0.0026146143300580927,0.0007422020073268807,0.0026054442666471043
8,0.006000859846263342,8.429865326880072e-06,0.04228902154553151,0.1267960129145537,0.003806686328323986,0.009013934567385333,0.0,0.0006996788221310459,0.2630419048605399,0.0,0.002041231675580246,0.03151444939130351,0.009990594678828154,0.003907844712246547,0.009673872595832515,0.0,0.0015270098906405615,0.0012126963405954619,0.00030467941824295115,0.0015932445467803334,0.001968975687064131,0.01295670300741467,0.03625685077091119,0.0003420116789762772,0.00017221010596340716,0.015267690373455078,0.02225243593001285,0.0,0.028049774741955802,0.05352723629273791,0.026704609089080796,0.04109077640263927,0.04588014417478242,0.00168958586480182,0.006764364791583623,7.105172204084631e-05,0.014460831835025128,0.009091007621802523,0.0005118132519891472,0.04150143127070586,0.0023543409591500774,0.014462036101500398,0.019285123334951065,0.0006165844353375137,0.008751404475776782,0.0029865808586660826,6.382612318923482e-05,0.0006719806931998686,0.0018124210452792153,0.0011440531515051525,0.014796822181625062,0.00021676796554834468,0.005675707897940825,0.026446896063373318,0.004063195087556194,0.0,0.0005491455127224732,0.0027963067555736468,0.021325150744056044,0.0,0.0
9,0.008649186316221224,0.0005073465205318134,0.018671066528134862,0.0006338258643827021,0.0001514893835954147,0.0012462145518415248,0.0002443838169322256,0.00020865518872575985,0.0018971901577633304,0.7026670706383561,0.0006659816297685212,0.0,0.0,0.005122770712243057,0.009895400868062749,0.01860175298941432,0.007604481227464167,0.0009811081305495489,0.0002686792841126223,0.0006095303972023054,0.0013476838559478873,0.004366752939394242,0.02033959346537681,0.000958241808497411,0.0,0.002153721708285754,0.033693525543825445,0.002579606956506826,0.008677054646222267,0.011572502676074252,0.000790317255927022,0.011784016155056528,0.010975120012462144,0.0006466881705370298,0.008091105143636229,0.0002400963815474497,0.0039058536355308336,0.0002829707353952086,0.002052966976743521,0.017079713427818877,0.0010204096215766614,0.0019636454062273564,0.013648335974869908,0.012255634047381876,0.006295384289979262,0.009805364724982455,0.0013155280905620683,7.86029820542246e-06,0.0,0.0,0.017647798616301683,0.00031869936360167436,0.0,0.0014191411123608188,0.0017907188457080623,0.0009861101384984541,0.001817158030580847,0.0004794781905307701,0.009065067548544485,0.0,0.0
10,0.10175713432064473,0.00545551446244287,0.03285905780132109,0.0007057607519501286,0.003163810785057899,0.0005361843699026148,6.460052649429094e-05,0.010592871331901357,0.0,0.001841115005087292,0.21641983882168644,0.0,0.001127279187325377,0.020933800610474982,0.008545034642032335,0.002267478479949612,0.0026340864678047133,0.003026534666257531,0.0,0.035473764111177516,0.0006411602254558376,5.814047384486185e-05,0.09426024322098228,0.0,0.0,0.005494274778339445,0.0032397164036886907,0.0024338248356724113,0.04596165958752565,0.07496891099662464,0.00045866373810946574,0.007151278282918007,0.00010982089504029461,0.0011902647006573107,0.00726271419112066,0.0,6.944556598136277e-05,0.0,0.0014567418724462607,0.05826159983203865,0.016779986756892074,0.003670924918038083,0.004547877065198083,0.012737608811511817,0.022892811576414353,0.02516352008268868,0.010305398989001763,0.0,0.0,0.006106364766872852,0.04491351604515578,0.001829809912950791,0.0,0.008171966601527804,0.0525896736058399,2.099517111064456e-05,0.000289087356061952,0.0027164521390849344,0.03633941116620101,0.000424748461699963,7.752063179314915e-05
11,0.0023015818870139545,0.00012357486641685663,0.02346892671366802,0.05998143802527363,0.0,0.04463498430213024,0.0,0.009831925309291155,0.003381574729969608,0.0,0.0009178008307835289,0.4506003035307656,0.0006590659542232353,0.00011198972269027632,0.004331556515549193,0.0,0.0,0.0,0.0005522251843003281,0.0,0.0,0.01387385323167584,0.03125800501250551,0.0007646194859543004,0.0,0.000536778325998221,0.013774735890903986,0.0,0.018519495866034543,0.03847812403054873,0.0005689592807942773,0.006114381411250719,0.12056272904794574,0.002067304536098664,0.002063442821523137,0.0003089371660421416,0.010955684250769445,0.00020467087250291877,0.0,0.021805814969807824,0.00033983088264635575,0.0017751014665504717,0.012472050840759622,0.0,0.0021857304497481514,0.0002304156363397639,0.0,0.00015318134482922852,0.0008997794960977373,0.0055209646048114385,0.019666425094965995,0.0030649141347764124,0.0018291654706078465,0.030623396583927282,0.001360610768777265,0.0008804709232201035,0.00669106412119605,0.003212946526838272,0.025119166075609795,0.0008959177815222105,0.00032438402434424867
12,0.02104226087723285,0.0036220702098291057,0.09098246958715862,0.007849514513716727,0.0,0.0026639851590082044,0.0,0.000576546756246206,0.011542805205199775,9.326491645159213e-05,0.004006999955911131,0.000576546756246206,0.15295276725485743,0.0022892297674481704,0.02748093156390004,0.0,0.002362145974855779,0.0005307621608972425,0.0010360884354895055,0.0009869123886332113,0.007817295724397086,0.00019500846167151085,0.07831031103001775,0.0,0.0,0.0025622416137882856,0.033544846859007195,0.004722596223957892,0.01273490041002649,0.07060154175385525,0.006777815837400249,0.020480975652769635,0.04453484546851207,0.001561763419125752,0.04002760641526968,0.0034016258618526146,0.00971481284274857,0.020613242261555528,0.004878602993295102,0.06764589176521661,0.0038679504441105753,0.032295096978555864,0.021362753044675595,0.0,0.0046479842907966185,0.00334905836348899,0.00620296480690771,0.0,0.001170050770029065,0.0010089568234308603,0.040933123967726956,0.005938431589335921,0.0003849297460820257,0.0030963952261928588,0.006175833194849065,0.010274402341458122,0.0001017435452199187,0.00802926144360525,0.09043983734598572,0.0,0.0
13,0.005932285344368443,0.0,0.06677573796330645,0.0034133494221915586,3.391939308823806e-05,0.0,0.0,0.0,0.00031682156522843633,0.0,0.0013358467363048646,0.00014938966743117613,0.0010257609370797663,0.4496929693517836,0.0019942678631311595,0.0003735944501137142,0.0,0.0031990077254424798,0.0004529802637244841,0.0009670635476221063,0.000509753148609762,0.00018403074973405754,0.05589675417870084,0.0,0.0,0.00022661041339801593,0.004340479499936732,0.0003413589985263106,0.03716218329270223,0.056973995613091834,0.0009783700119848522,0.002209090686023334,0.0012316829263246726,0.00010416380998019205,0.07551298872192208,0.00034929757988738766,0.0007900091269629346,0.0008939323738715788,0.01134760064798069,0.0592990376996012,0.0035803001938457236,0.007675645923875259,0.01603521266016088,0.000602610494227208,0.007914284490850666,0.00336210948795188,0.00024080363461933543,6.711709696183276e-05,0.0,0.00039837244648313635,0.02347270114320383,0.006526716694163027,0.001077241434390993,0.0001262956125625885,0.03829451367047767,0.0011116419536223267,0.0006103085125167372,0.0003574767243200124,0.04437498586691955,4.883430352420089e-05,0.00010849394526805222
14,0.00036687912214528956,0.0004383974501193842,0.0015008948512744075,0.0004767259937205305,0.0028846825656419915,0.0005671964428848598,0.007482646315797215,0.0009738655906136273,0.00020856762225273209,1.018322929624551e-05,0.0,0.000429628558225395,0.00035735591697009703,0.00030969274651405904,0.8941700823700675,0.0,1.4143374022563207e-05,0.0002774458537426149,0.002887511240446504,9.641066625380586e-05,0.00010833824501283415,0.0005386739719393574,0.003101076188187209,0.00014435670419029513,0.0013512579541156888,4.2194399167313565e-05,0.02057766631122796,3.936572436280092e-05,0.0007100445205127482,0.0027409858855727493,0.03425859914783343,0.0016777341711365229,0.003384037957798623,0.001972152073706214,0.00028159457678923343,0.0018280782369963697,0.0010596687263505107,0.00019258560960723565,2.1780795994747338e-05,0.0018794658292783492,0.0003343493618933942,0.0002201180443711587,0.0003202531324509062,0.0004398117875216405,0.0010375107737151618,0.0003680105920670946,1.9989301951889332e-05,0.00011748429354742503,0.00024802763577568346,0.0011509877779561936,0.0008820750932071919,3.054968788873653e-05,0.00018009229588730483,0.0006834549773503294,6.435235180266259e-05,0.0010091297365098849,0.00013101478802901052,0.0007956119333492555,0.0004489578360562314,0.0019372650844505577,0.00021898657444935365
15,0.05342516225944506,0.0,0.02574233105650502,0.00260370905724192,0.0006008559362865969,0.00873508488507213,0.0005573978025300192,0.0,0.004680252057175788,0.071071054048692,0.0013245283375374354,0.00028342261145594195,0.0026811779043732107,0.006613194267305313,0.019437122693648497,0.1949569670001606,0.025899158234843976,0.015185783521809368,0.0,0.00408506457311831,0.008551804929663955,0.023030921406909845,0.0453835180304018,0.002541356082721613,0.002288165216487638,0.0012754017515517388,0.03493656057213578,0.006728452795964062,0.012767243904051997,0.05214598153974057,0.0001020321401241391,0.015780971005866846,0.014360078980434393,0.0007709095031601622,0.0056325520316677525,0.0,0.0004251339171839129,0.0004780394713223554,0.003981142948917798,0.024780583661631193,0.03376319096070818,0.018431917165018092,0.007593836502942872,0.005082712165443226,0.05290744362251887,0.019112131432512353,0.00038923371973282694,0.0,0.0002002853120955323,0.0,0.025713988795359428,0.005874405993443491,0.00039112320380919993,0.045425086680082,0.004196544133624314,0.022280796228589785,0.02953452559778552,0.0,0.032295061833366404,0.002964600515829153,0.0
16,0.02595920792346591,0.0027309491820655296,0.04850332282362367,0.001826258970948642,0.0,0.0018217580246246774,0.0,0.0006886447875665859,0.0005828725489534175,0.02238095559591404,0.002184084203703829,0.000542364032037736,0.0014245495115348004,0.012834448442785097,0.019001870143197607,0.023111234136977302,0.34272230736512355,0.003019009746799265,0.0,0.00045009463239646143,0.008336877828563457,0.002442888617331794,0.04446597397102741,0.0,0.0,0.0034769810352626644,0.02153702816017068,0.004135244435142489,0.017893512110921325,0.03999540903474956,0.00420500910316394,0.009526252894671105,0.06878908790573218,0.002639805019005246,0.013050493866335399,6.188801195451344e-05,0.0014504299528975968,0.009770429232746186,0.0,0.03873176835429649,0.008563050381342677,0.023407171357777975,0.009456488226649653,0.082040999120065,0.008306496440876695,0.017938521574160968,0.0002768081989238237,0.0,0.0006278820121930637,0.0008495536186483209,0.008334627355401475,0.006090905612905114,0.0011927507758506227,0.0019815416191254214,0.004589840013862915,0.002558787985173883,0.005610429592821891,0.0074726961343622505,0.01040843837416817,0.0,0.0
17,0.055620535422952,7.314717139171099e-05,0.021325268977208916,0.00010613511143111005,0.0,0.005613686839748173,0.004141420733207166,9.394391619915821e-05,0.0004030265717857017,0.00034709049954498154,0.0032321009947298175,0.00024956093768936687,0.0013596768329282747,0.004070424949209329,0.001526767920519144,0.0001850193158731513,0.0,0.4146584062952463,0.00015920266714666509,0.00315536817768165,0.007587226209061787,0.0012176852649326004,0.032053520781326526,0.00035784743651435077,0.0,0.004165803123671069,0.0048879521588813925,0.05556675073810516,0.017141537625255564,0.01794328799403922,0.00017426237890378203,0.00845495245792424,0.021720407128550414,0.0017612691464513937,0.004258312781607645,0.0,0.00023306696766966736,0.003188356117721049,6.454162181621557e-05,0.03343686287558741,0.033290568532803995,0.0004159348961489448,0.009978134732786928,0.004018074522625066,0.07991471900370684,0.10509240567421253,0.00890674381063775,0.0,0.0,0.001036968723847197,0.006171613303892791,0.0006231852150921259,0.0,0.0,0.002048837928099199,0.005574961866658443,0.005205640364043432,3.800784395843806e-05,0.007149777438974102,0.0,0.0
18,0.0033010116447574496,0.0009385566650718087,0.009829602627958662,0.009072331969098768,0.0021421580607445807,0.0074074838993931505,0.025211376041103732,0.0011554114446544151,0.0,0.0018185969610498985,0.0,0.002121505224593856,0.0,0.0,0.2231355365319987,0.00043944645809596916,0.010646537035698428,0.0,0.24370920347747865,0.0,5.163209037681099e-05,0.00010900107968437876,0.010387229204028221,0.0,0.017770618127912193,6.081112866602184e-05,0.2627591500669496,0.0,0.0024703086795838684,0.011124994406523541,0.021583361157293146,0.0018897345077912824,0.021227673423586228,0.014306678553521251,0.0006689224153262403,0.01722676010927645,0.0035465509189938397,0.0,0.0,0.011172036977755748,0.0015719103070273568,0.006847562563751289,0.0,0.0003625720124238283,0.0002627499710286604,0.0026125837730666367,0.0,0.0005863110707233427,0.0,0.006415000384372228,0.0009775675778009548,0.0005817215515787371,0.0026997846368141394,0.010037278369252058,5.9663748879870484e-05,0.001087716037271485,0.0,0.007165386764515214,0.010413618939109703,0.009993677937378305,0.0010406734660392794
19,0.19312920940578485,0.0,0.08886599010673528,0.0022441907413508246,0.0,0.0,0.0,0.0,0.0,8.174204687039428e-05,0.049887418908173956,8.421907859373955e-05,0.0014664027802204064,0.05038282525284301,0.0,0.0,0.0,0.0,0.0003368763143749582,0.14741558895144768,0.0,0.0,0.052701326945894196,0.0028783108625272166,0.0014317243360935721,0.0,0.005132409730771422,0.0005895335501561768,0.028161373662712496,0.10573209911099331,0.0,0.0005300847887958902,0.0,0.0014986041926238949,0.00794136370504497,0.0,0.0008421907859373955,0.0012409928933959857,0.007772925547857491,0.05590660599590299,0.013970458919667384,0.0037527030608681005,0.025880027445511492,0.0,0.008134572179465902,0.025961769492381888,0.0,0.0,0.0,0.0,0.028168804757882533,0.0050110351763275034,0.0,0.00024522614061118277,0.05209693120539795,0.0010601695775917803,0.006913395539856679,0.0,0.022550896809335433,0.0,0.0
20,0.027623726125737595,4.6421396969581266e-05,0.021964059356494616,0.03888765348074373,0.0,0.00040955651842517664,0.001836640109135207,0.0,0.0006588843440843791,0.0061942615666023505,0.002253683949652251,0.0010729332557646765,0.001647210860210948,0.015712894141994067,0.0034217061959836512,0.003352822832738466,0.0007090494020998944,0.01362692620719966,0.0,0.000994316373800063,0.41219579946256,0.003971275637526759,0.0338322136043145,0.005328727132782416,0.0,0.01073532241532026,0.01849668049575057,0.005546608205655773,0.030329644329738673,0.01953666953431103,0.0005473232449155468,0.11870625064110196,0.04503100125712138,0.0018680868619210525,0.0075060403970976155,0.0006880849002426641,0.0023330495638260516,0.009067147053252083,0.0027493446721339096,0.057236833731284506,0.00591872811362161,0.005616989033319333,0.0033648025480854547,0.003328863402044488,0.012233535565903035,0.005259843769537231,0.003012149677558474,0.0005188714209664486,0.0015947996055678724,0.001198720266908058,0.013876254032858863,0.00012503827893419468,0.00029500049041959704,0.0012878193998012866,0.0011290881714536862,0.0005742776044462713,0.0007524758702327285,0.0012488853249235732,0.012545008164924742,0.0,0.0
21,0.005798603844007257,0.00026107070601367387,0.026382312159899547,0.017745722582670577,0.00014552375470908334,0.0006513141830612532,0.0009134749546532722,0.0030162114552811504,0.002259705943909586,0.0009565325449979073,0.001025751709222827,0.0015996712362215714,0.0006327830682293849,0.0013958289730710202,0.03247087344774662,0.00015478931212501747,0.0012067025952281292,0.0007085426259243759,0.001223053578903307,0.0,0.007572685572764059,0.5220525716827126,0.025612180828798667,0.014860864029580022,0.00030685346030417195,0.003518186654109112,0.047100098541928294,0.002555113715641134,0.009412716269010746,0.035239640016743415,0.0031508345542067815,0.026124511650620907,0.0795257342681736,0.002345276091809684,0.001089520545556021,0.0012748316938747037,0.011036368947955911,0.0010034053648667507,0.0008028332984512351,0.02346311654109112,0.002518051485977397,0.0027774870936235533,0.007311614866750386,0.026350700258127534,0.015773248918654947,0.00378852291753872,5.9408574019813044e-05,0.0005733744942095718,0.0002158329845123483,0.00015533434491419006,0.0039389519673503565,0.0018443909585600673,0.003412450293009628,0.0023174794195618812,0.0013402356285754154,0.0006300579042835218,0.0009265557415934144,0.0023725277312683134,0.006960613750523233,0.00013734826287149437,0.0
22,0.00013713991207521043,5.3585438879207176e-05,0.025939270177672984,9.095061850082037e-05,3.43444767124676e-05,1.2082811636582416e-05,3.961697633570356e-05,0.0002572357368266963,3.1397002964755826e-05,1.2412342863034666e-05,0.00024350526905785264,9.682725870588546e-05,0.00013183079787125755,0.0011903217118165944,0.00011108863789512441,3.143361754547274e-05,0.00010405863839747646,5.171809526264444e-05,1.164343666797942e-05,4.549361654076865e-05,0.00021274902125564284,7.518804150218786e-05,0.7438745637189633,0.0,6.151249560441958e-06,0.00013380798522997104,0.0003368175280149141,3.388679445350614e-05,0.01678837109199765,0.07544981744702345,7.981978596287778e-06,0.00016212936341450588,0.001168536036290029,5.1919475456587474e-05,0.0018629864814574241,3.6614580716916414e-07,9.34404099895707e-05,0.00014598233331834576,0.00034853419384432737,0.09843390650774377,0.00010607244033690685,0.01509461720261381,0.0015788024132230773,0.00012520355876149568,7.344884891813432e-05,0.0005371358991171639,0.00016544298296938684,4.08252574993618e-06,3.352064864633698e-05,0.00018312782545565746,0.00785146592332233,0.0001771047269277247,7.94170255749917e-05,0.00030499945737191375,0.0004624055398739374,8.567811887758442e-06,4.5768225896145523e-07,2.5721742953633785e-05,0.005369967637104396,1.849036326204279e-06,3.4966924584655173e-06
23,0.01835870411657404,0.0,0.007808583040867052,0.0026721995242311425,0.0,0.0,0.0,0.0,0.0070938630084379645,0.0,0.0,0.0,0.0,0.0022455009974078066,0.014465080059311098,0.00022401672658225148,0.00015467821597345936,0.0,0.0,0.0,0.005083046200782992,0.2044099292747192,0.015233137407593102,0.1186648603095698,0.0,0.013867702121758427,0.11590732107997398,0.00011734209487641743,0.0,0.03918159222555285,0.0,0.04975838195918628,0.138068975816861,0.028626137418260568,0.00075205615352613,0.00667249821319992,0.06775439232796049,0.0,0.0,0.009499375953404521,0.007515227803676009,0.0,0.0,0.009824733580107315,0.019820146570943966,0.050270420191374295,0.0,0.0,0.0,0.0,0.01763331662097437,0.0,0.0,0.004117640783845194,0.0013014305068111752,0.0,0.0,0.017505307062927366,0.005317730390535827,7.467224219408383e-05,0.0
24,0.0,0.0041047531065682066,0.029306588201002823,0.003768712579357958,5.6608977702085014e-05,0.014159471103525776,0.005707871177237892,0.0009611481746013584,0.0,0.0,0.0,0.0007214633541180622,0.0,0.000767232314813365,0.10702107901529286,0.004835852031358965,0.0,0.001222513029098219,0.018018517157940252,0.0,0.0021427100283406223,0.0,0.013836679485990483,3.13156046862598e-05,0.2219481437675322,0.0001758491647766896,0.3844580653942093,0.0,0.0008792458238834481,0.01452080500375185,0.01738738727887871,0.0015477135393016862,0.02026119623201009,0.026962735634869686,0.005975258263405187,0.004269762254338115,0.010544927654930942,0.0,0.00031315604686259793,0.005363399525689034,0.0001023779383973878,0.0014031799792112564,0.0,0.011516915846539084,0.0008696102532107528,0.007919234646621467,0.0001493513454267775,0.0016814070823853336,0.0038313437887304773,0.015047148051747831,0.0021246433333293184,0.0,0.0002565470691605129,0.004721429629620707,0.0015669846806470767,0.0,0.0006576276984114557,0.006866548550629504,0.0008900858408902304,0.01695017325960516,0.002175230079360969
25,0.02291925872568921,8.887059505879489e-05,0.0240114315649644,0.006563561185065996,0.0,0.004492642450209079,0.00015552354135289108,0.0,0.003012245432519153,0.00016487834083276422,0.0003040309830958773,0.019288427177563447,0.002351562719253112,0.0022626921241943173,0.010860922196132725,0.0,0.0,0.0017130976547517702,0.0,0.0007787870566994395,0.042314096747336216,0.005446831997156141,0.02648577602739085,0.0004373368756840696,0.0018838227452594551,0.22367208621383194,0.05262893252383134,0.0009319718981823622,0.005191913711329597,0.020987492633095406,0.0,0.2249770807412743,0.16167432201090767,0.006413884393388027,0.001957491791163456,0.0,0.01449760049393341,0.005994087766728719,7.83464456439376e-05,0.015702030926967078,0.0074090011880595325,0.0035349448534570654,0.0014698728682750683,0.001328381526141987,0.006971664312375462,0.010352254974414622,0.0007635855075446456,0.0,0.0016417673087177373,0.010514794615377418,0.005446831997156141,0.0,0.0,0.007152913552298005,0.003222728420816299,0.002404183466327399,2.455634863466701e-05,0.013137646519546851,0.010588463661281418,0.0,0.0037933711890885615
26,0.0004802887060253742,0.0008485077226964902,0.0030994556774490683,0.001011207526843027,0.0006468938633790288,0.00174834294468653,0.002007072594658091,0.0025553562895573928,0.0004189886083636487,5.1118283943168187e-05,0.0005484929102496833,0.0005882438268221332,0.0002404581760382591,0.00033321031470730917,0.02535083322105443,0.0001618629427450114,0.0002272776089642362,0.00042693879167813865,0.0038112760378964322,0.00021235358063703566,0.001011207526843027,0.0016419918082426945,0.0035446659430605084,0.00011227890470463953,0.00603091142854194,0.0003075465650605344,0.8750479451844625,0.0004037856262359397,0.001554330576432923,0.0024380562164436014,0.0028993063255842756,0.0026100312344570433,0.008742621323284301,0.013014101393569502,0.00039492884306979736,0.0022851895337649866,0.0015944301852560086,0.0010547243197223406,0.0,0.0036609896778725197,0.00026981806354177043,0.0005152974079891811,0.001005279758582223,0.00020719293532762986,0.0006731852590769475,0.0005067893170736742,0.0003893497670596289,0.0001866898309902609,0.0005060221941222762,0.0037210344834319575,0.0017571997278526723,0.00019589530640703881,0.0002730957706977444,0.0019528858189093298,0.00020691398152712144,0.00043335472908983234,5.076959169253266e-05,0.0095507504833572,0.0022277947893103787,0.001839770052803165,0.00041368848615398865
27,0.10828889100961642,0.0,0.014638390483496955,0.0009047519306538631,0.0,0.0,0.0,0.0,0.0014575181786971824,0.0,0.002297822026619537,0.0,0.0006506777583469563,0.0019483151164217435,0.0008948368410028618,0.0005366542273604421,0.0,0.07522454579594004,2.7266496540253405e-05,0.001591371888985699,0.0020573811025827574,0.00038668849638904835,0.03714936214988889,0.0,0.0,0.00032224041365754025,0.0020834082129166354,0.3886145025537553,0.01163907586406908,0.01765753528222683,0.0,0.012149702981095644,0.000351985682610544,0.0,0.0059899535354111235,0.0,0.001777279819941972,0.005309530508111164,0.0,0.025107485768747887,0.03584304908836948,0.00010410844133551302,0.0,0.0003767734067380471,0.07048513294276144,0.11201944349080564,0.012847477415284858,0.0,0.0,0.00014129002752676765,0.003487632784739686,0.0001673171378606459,0.0,0.002270555530079284,0.011940246712218243,0.009637467140773204,0.012493012960261562,0.0005093877308201887,0.008619931065339204,0.0,0.0
28,0.000702101178975256,7.962594644877337e-05,0.06552945678961951,0.0009933115412656636,0.0,3.425767463493738e-05,1.4854385358744879e-05,0.00027619495378414255,0.00048616913815057426,0.0,6.05447034676214e-05,0.0001346556071138255,0.00010224969867537125,0.002160769616574499,0.00012133094165652322,0.0,0.0,1.807484830915027e-05,0.0,5.3540196550489676e-05,0.0,1.8316383030430675e-05,0.10300980844324069,0.0,2.7655725586606317e-05,1.0869062457618204e-06,0.0006897023966161951,8.602661656270408e-05,0.46586806431538247,0.05995233956368121,0.0,0.00013111309786837958,0.0004321056163706437,4.2268576224070794e-05,0.0024596688341589996,7.246041638412136e-06,2.2825031160998226e-05,7.708983187532911e-05,0.0011249077085766042,0.18958108580243208,0.00025783831496683184,0.006779799114767195,0.0050452980254657295,0.0,0.0005217955095394339,0.0006060911272662951,0.0,0.0,0.0,0.00046660482572686147,0.06812120486053201,8.280615361229868e-05,0.0003877437392288094,0.0003275613378431086,0.0009144504547676116,9.419854129935776e-06,0.0,5.756577523849641e-06,0.0221751819933933,0.0,0.0
29,0.0004123196973538822,7.095935490824504e-05,0.08989411341836501,0.0,0.0,6.222279069158586e-05,1.4589773906368139e-05,0.0,0.0,0.0002473629848670598,0.00017380861088455959,1.1245082655105879e-06,0.00012130272494879595,0.0011425580648492962,0.00013995802873816393,0.0,1.3378765005049044e-05,2.842987563572922e-05,3.085189343836741e-06,9.050849860096757e-05,5.795542599169953e-06,0.0002994363676237809,0.10310451935258544,1.7963298702899902e-05,0.0,0.00016853207210024067,0.00046416241174844725,5.515857210055781e-05,0.014668172315955914,0.6628410222691274,6.170378687673482e-06,1.5195278357027685e-05,0.000460933054678263,2.883354526950225e-06,0.0017392394506563758,0.0,0.00015708515462824825,0.00012257140094065405,0.000479819026829787,0.09379341791288615,0.00012810744163239848,0.005211720974553071,0.002641239247322215,0.000275562192140633,0.0004221519362907825,0.0006594808474040555,6.969067891638694e-05,8.898032070168394e-05,2.6065524923630034e-05,6.674965729889772e-05,0.006330058861375985,0.00024047176754764878,2.496985020338895e-05,0.0,0.0005756617313056124,1.7011791709006327e-06,0.0,1.9895146235956553e-05,0.012378125650016239,2.1567491861587682e-05,0.0
30,0.0002624398693690051,0.0010381356643642044,0.0008560292589457509,0.002782482552010751,0.0032466601556092765,0.0002358342526908481,0.005406364631784721,0.0005075731725493062,3.2546676713085284e-05,0.0,0.00011675474503424243,0.0,0.00017254904797096005,0.0003419984124454358,0.4093129474037954,0.0,0.0003267583019210546,5.062816377591043e-05,0.0036633092789283765,0.0,0.0,0.0013690268776139045,0.003783422014417144,0.0009671012509031054,0.004230293051826965,0.0001330280833907851,0.022205357647939492,6.018552122340373e-05,0.0006692733282825711,0.004116637990289208,0.49899867307715645,0.0003768698517808843,0.005411014157029448,0.004798568359515756,9.893156492945764e-05,0.009294659271166251,0.0012739699170550524,0.0001596337000689421,0.0002521075910473907,0.0011809794121605231,0.0012773279075095772,0.0002474580658026643,2.5830695804035935e-06,0.0,0.000340706877655234,0.0002541740467117136,5.424446118847547e-05,3.151344888092384e-05,0.00023893393618733242,0.002038558512854516,0.0007390162069534681,0.00042775632251483515,0.00015085126349556987,8.885759356588363e-05,0.00019605498115263278,0.00024874960059286606,0.0,0.0009417871690151502,0.0009461783873018363,0.003991359115639633,5.114477769199115e-05
31,0.00622168649748465,0.0,0.004893260431638643,0.007534557766684087,2.9484465285292385e-05,0.0017214748826019136,4.898600137950152e-05,0.0014231478125893097,0.0015793922624869614,0.00038863775502031065,0.0017514236701751634,0.0017068487305312568,0.001632092842170122,0.006919098573996606,0.012737753325534267,0.0003038989374680924,0.0009300375427785929,0.005054612426703825,0.0005325776642870924,0.0011779856445478232,0.029273895127703724,0.0036084806608606265,0.01545357438779687,0.0026881938861291377,0.0012429907648618538,0.012742164387269862,0.024582150569038574,0.0008945168877498548,0.005202266914274265,0.01510185025466917,0.0019835848141538438,0.7116001405039244,0.04282769487432305,0.005479931642472767,0.002136811169179773,0.00012234892287676447,0.006120928560997904,0.005304417817624885,0.0007784363157605147,0.011401665941936963,0.002643154624197274,0.0007977056907107451,0.0008910344705901747,0.0010161693271946832,0.004701727487856232,0.006783516465913057,0.0006651416774989188,5.177193510724569e-05,0.0002319289828347015,0.0003319904358895127,0.00906635699465542,0.00030784567691572996,0.0004592147427898295,0.0024948036531948973,0.000880587219111134,0.0022528917411691126,0.0010150085214747898,0.0031875725068272794,0.006995943912653549,0.0,9.26322964474934e-05
32,0.0006507211612752918,0.001196269502972844,0.005535266414828798,0.003801436379240255,0.0006869515810394137,0.009517949985854923,0.0006562365532603812,0.0020350845495327374,0.0006655556638558772,0.0006521475557541942,0.0005661835151590074,0.0041873236322659945,0.0004967656505190887,0.002043738009371412,0.00885515201799159,6.466321637691048e-06,0.00014159342527238192,0.0009770802180481695,0.0007911734709645518,0.00011648888244369905,0.002631983092470777,0.004549627829907214,0.009105341609591077,0.00038170316255429224,0.001431529499026486,0.007269667008208902,0.026609484096890224,0.00047613047705763353,0.002998946845409744,0.009332328517667085,0.002730214125584525,0.012386714561823503,0.8207912210174472,0.003654517747913304,0.0012207083950447058,0.0005484962236206172,0.017339726750364326,0.0015121683335671038,0.0005987053092779829,0.00536115119543744,0.0008546004787930801,0.0009016714965968606,0.0009543529993509907,0.00046063032372022707,0.0009425614716587304,0.0019367584234537291,0.00012885096792752016,0.0001530996740688616,0.0012275550885434375,0.0005632356332359423,0.0036299837628761826,0.0003881694841919832,0.0005367997888936171,0.005188652556455505,0.0010228199343383076,4.6120088151178806e-05,6.865712091783731e-05,0.0031638380471708657,0.002291455183874135,0.00020292838786518675,0.0008273087977634135
33,0.0024660777307700735,0.0012589451364961566,0.009425398906755356,0.010161734843336805,0.0024366840770093795,0.004302433794531385,0.0009386041302567309,0.0023196076594879716,0.0005325731503420623,0.0015219934277782977,0.0,0.004300939201967281,0.001626614907265513,0.004078743107437291,0.08708841411772206,0.0,0.00022319248957272582,9.764671418806755e-05,0.006718193575643321,0.0008708492673507248,0.0026349666905137207,0.0008085745771797635,0.009295867551199757,0.0003552148327351641,0.010181662744191513,0.0020196927516246215,0.23932512170965442,0.0,0.011491424027867174,0.0237052344617175,0.012705531387440239,0.0049172095358991155,0.05801061758557537,0.3379901516313975,0.0010556805477781386,0.0016724490792313408,0.013630684184620042,0.0014990763417953839,0.0049570653376085315,0.016602432399578322,0.00155387806914583,0.0007393251217096543,0.001384490911880815,0.0002316618474359766,0.001563842019573184,0.000541042508205313,0.0004374174237608332,0.0028661303404283298,0.013770677688124363,0.006530871307609068,0.005070654372480364,0.0008429502061541341,0.0017621246330775252,0.00538900258863432,0.0015339501682911224,0.0,0.000899744723590051,0.04021300933223596,0.008441458802054165,0.0025936162962402025,0.010406848023849708
34,0.002177765736600787,0.0015454889015052813,0.07548633029216917,0.0008631683212739409,9.698132678047879e-05,0.0,6.43666101229868e-05,0.0003270099897669169,0.001015025203065438,0.0004241638811857951,0.0009951802696495037,0.00011475548453561991,0.0006724843958425726,0.05501636775595218,0.001328747715675599,0.00023037379226323695,0.0,0.00018274595206499468,0.00025142667814796727,0.0008403897890052165,0.0020241832084252954,1.8291851670339414e-05,0.069378232351383,0.0,3.330497521108969e-05,1.8636980947138272e-05,0.0010176136726414294,0.00010906085146843877,0.03290151908651182,0.08122928145810215,0.0002626433796439301,0.001768614978955742,0.008135905006617853,0.00012424653964758847,0.4352242391193681,0.00011441035525882106,0.00010681751116924619,0.00035720880148681683,0.008565073262317232,0.06597301434184709,0.0014347024036528478,0.011768563209564221,0.02596234984719401,0.0018861314977057526,0.003582269328533735,0.0006671348920521904,0.000185679550917785,4.469424134545196e-05,2.4159049375919982e-05,0.00011009623929883533,0.02767574414186193,0.005641483158554114,0.00014357377914832445,0.00013787914608114332,0.01409335401808132,0.0002471125621879815,0.00016963103954663813,2.9508553166302263e-05,0.057079378008017344,0.0,0.00012148550543319761
35,0.0008207963884958907,0.0036431839699905323,0.004521580105047538,0.0001763992238434151,0.0022445901238034556,0.0005561975527307681,0.02860727412799384,0.013512540544821603,0.0,0.0,0.0,0.00020879908128404237,0.0,0.010175355228436996,0.19245335320524593,0.0,0.0,0.0,0.04562259926056326,0.0001907991604836939,0.0,0.0,0.009529158071704485,0.0,0.0021815904010022355,0.0005831974339312908,0.3011098751165495,0.0,0.0011123951054615362,0.01646812754023882,0.04779158971700525,0.00019619913672379842,0.022710500073799676,0.017782121758664265,0.008330363346401278,0.23811375229948992,0.0008855961033771452,0.0,0.0,0.004960778172576041,0.0,0.0009143959766577028,0.0,7.199968320139392e-06,0.0003815983209673878,0.00010979951688212572,0.0,0.0010799952480209088,0.0018539918424358935,0.005367576382663917,0.00580317446603235,0.0,0.000284398748645506,0.0007037969032936256,0.00314098617966081,0.0,0.0,0.0030527865677391023,0.0015965929749909102,0.0012149946540235225,0.0
36,0.004860244535447094,0.00012302933370827987,0.007323760479462888,0.00507993977421188,0.0005524602937471805,0.04838099255379603,0.0,0.0023516178357382636,0.0017698648434891118,0.00010135273681682103,0.0,0.002641029696937741,0.001563644246035233,0.002025297174426302,0.019776086612650928,0.0,0.0,0.0012396670006034295,0.0014423724742370714,0.0004493499950202412,0.007756706563322025,0.007967613992536218,0.013209249462478981,0.00042708754415874295,0.0008307409295159087,0.012116045954385408,0.05272685730354851,0.004924102618181392,0.010513735346327574,0.013450621298135224,0.0010252444475689988,0.02664405270342314,0.2489094328347716,0.012558365701765176,0.00804787598643162,0.006706270395041331,0.3914629359485854,0.007130428669349877,0.0,0.02710570563181421,0.0004938748967432378,0.0008418721549466578,0.0015788764492562582,0.00015173617824021181,0.0006016720272304924,0.0033253071339437927,0.0007024389100772741,0.0017640063037887173,0.002249093390981364,0.0020376001077971303,0.003957443567616336,9.959517490670274e-06,0.002929855704167179,0.0038004347036457685,0.001823763408732739,0.0007223579450586147,0.00030933089618081794,0.009947214557299447,0.007443860543320972,0.0007809433420625573,0.0013345753437498168
37,0.03753934357473295,0.0,0.03533396224276324,0.050643162751096704,0.000683907517566851,0.006927240049019669,0.0,4.9120429438503106e-05,0.01530920050833347,0.0005352867310606108,0.0005453627165864576,0.0011877067938591906,0.01786598183551709,0.007860528208351227,0.005355386306987569,0.0,0.0,0.00951047083820864,0.0016549806226203354,0.0017406264995900333,0.023757914371756002,0.00019648171775401243,0.07194001765816463,0.0002128551942335135,0.0002619756236720166,0.016088829888395863,0.02118853806266507,1.5113978288770187e-05,0.034427123545437026,0.06729246933436779,0.000924471671996443,0.037831547154982506,0.07481671152579389,0.0011788903065240745,0.02016960402636381,0.0,0.006104787730472424,0.26737257341929827,8.942437154189027e-05,0.039097342836667014,0.011283844290757674,0.003925855860508056,0.0026046422584313955,0.0007015404922370829,0.027454541561551044,0.00640958629262929,0.005032954770160472,0.0002531591363369006,0.0,0.0013275110930303148,0.00590452751814622,0.004073217148823565,0.0037167791608467347,0.013380908778324539,0.0016776515900534907,0.001565556251078445,0.0006272300989839628,0.001299802132834236,0.032855269803404925,0.0,0.00019648171775401243
38,0.004662715746228129,0.0,0.062363468939626465,0.0,0.0,0.0,0.0,0.0,0.0,0.0,0.002585885297381531,0.0,3.777772530871484e-05,0.04179821972469482,0.0,0.0,0.0,0.001963497272920454,0.0,0.003969494486813212,0.0,0.0,0.10464524354827284,0.0,0.0,0.0,0.00036172171983094465,0.0016433310509290956,0.03856255755200339,0.07201851108540126,0.0,0.010533374259202416,0.0012570538096474864,0.0,0.03660472693787925,0.0,0.0,0.0001699997638892168,0.18613085259603804,0.1702849857152976,0.001078554057563809,0.0030335513422898018,0.05969069487403488,0.0,0.013165537270087124,0.005283214884423771,0.0005940547304795409,0.0,0.0,0.0,0.013418648029655512,0.0012249427431350788,5.383325856491865e-05,0.0,0.025177909475125725,0.007159823389134181,0.00351805066937407,3.0222180246971875e-05,0.12697754586451962,0.0,0.0
39,0.0003684078394268427,0.00011551034805003672,0.062354536691187505,0.000522653367197251,0.00011850835971656017,4.668642805332499e-05,0.0001726898169361937,0.0005655379688618687,0.00011668348304998068,0.0005830915444165856,0.00011598829193890278,7.892591582956242e-05,3.215258888735271e-05,0.0010596233263382624,0.0003971279222032484,5.48114741640479e-05,3.1978791109583236e-05,9.541497999544129e-05,4.670815277554617e-06,2.268060999891637e-05,2.65041611098448e-05,0.0004082944294249371,0.14762113857183587,6.560866110797648e-06,0.00010052028971741958,1.0058546388408314e-05,0.0003898501402591516,3.628028610937772e-05,0.0543979875260121,0.09514257370350986,6.854149860783635e-05,0.00044972347470073544,0.0002817913719309811,0.00010219309332845079,0.001101182719947388,1.2926209721604637e-05,3.2326386665122184e-05,4.831578221991381e-05,0.00042393622942418974,0.5992893669563674,0.0005461377919183512,0.005394313701686716,0.0021303697104537713,0.0,8.770270360692088e-05,9.228661999559075e-05,4.605641110891064e-06,7.668826944078045e-06,0.0,0.00031196701109620606,0.010265344019231766,0.0003963892816477281,0.00017503608693608162,0.00013784336249341415,0.0011514320024449871,1.420796833265451e-05,1.0297518332841341e-05,5.233485583083289e-05,0.012405011910796206,0.0,9.298181110666865e-06
40,0.34820125121061923,0.0,0.012476944824246567,0.001597394320059249,0.0,0.0,0.0,1.1572095938016294e-05,0.0008670170341252208,0.0,0.007524977924001595,0.00023322224121232835,0.0005358770580527545,0.016994958126815927,0.00034983336181849256,0.0008567801800262064,6.898749501509713e-05,0.0055911026605138725,0.0,0.004319952429784083,0.0010143387170284282,0.0004286126303196035,0.01587958611063636,0.00022254030650031335,0.0003858848914715433,0.0005185189141457301,0.007583728564917678,0.006103835526690594,0.00770657081410585,0.00979399888907879,0.00017002079416623936,0.006454113969122087,0.004501545319888338,0.000444635532387626,0.0062774169657608386,0.0,0.0,0.00025280578818435593,0.0006208874551358742,0.020679780521848115,0.3241789152851364,0.0013677327237509257,0.004692484902865607,0.0004326183558366091,0.0728774995727226,0.06011080726941263,0.0015101585199111262,0.0,0.0005171836723067281,0.0,0.006539124366205207,0.0002434590953113428,0.0022311891129721414,4.4062980687062034e-05,0.004292802512391044,0.006627695408192332,0.013776135133595397,0.0001735814390702444,0.011715856976015494,0.0,0.0
41,0.0,0.0,0.03719628315439551,7.777320334981317e-05,0.0,0.00022561364127716445,6.592884394057557e-05,5.4369890782162965e-05,7.548995334321315e-05,0.0,0.0,0.0,0.0,0.0024867446634382465,0.0,0.0,0.0,0.0,0.0,0.0,0.0,5.265745327721296e-05,0.2683282542912614,0.0,0.00016439400047520142,0.0,0.0008350986899139572,0.0,0.0158590264364675,0.08458328190074856,0.0,0.0017142926455803772,1.2415171910887607e-05,1.1416250033000097e-06,0.0018109026614846406,0.0,0.0,0.0,0.0004523689075576289,0.0788797233842617,0.0,0.4843499622906991,0.0022920976003755946,0.0,2.3974125069300204e-05,0.0,0.0,0.0,0.0,0.0,0.008898253385096514,0.0,0.0,0.0,0.0004887582045378167,7.406292208908815e-05,0.0,0.0002684245789009148,0.01059699139000693,0.00013171498475573863,0.0
42,0.00025056426774211705,0.0,0.09250952318566313,0.0003803296588888795,0.0,0.0,0.0044062946924709676,0.00033425173688858957,0.0,4.284001396783712e-05,0.0001277728323575607,0.0,0.0004963962083598801,0.004273789532989053,0.0009370007706221118,0.0016495896076103792,0.0,0.0,0.0,0.0,9.514468218438242e-05,0.00041993176482426383,0.061398457460613336,0.0,0.00010386212688713999,0.0003524338358400553,0.0009365026309248113,0.00010186956809793825,0.024294273037342048,0.09564481444047206,0.0006558009114960181,0.00018705145633631206,0.0003808277985861799,0.0,0.01678157919250559,0.0,0.0,0.0,0.0027021587880061908,0.07646892679289194,0.00011855724795750271,0.006074813608578763,0.505339808485212,0.000249318918498866,0.0015561884143665483,0.0002037391361958765,4.557978230298948e-05,6.301467170850459e-05,0.0,0.00012602934341700918,0.02586914169035736,0.00021270565074728426,5.703699534089942e-05,0.0,0.0018426187403142963,0.0,0.0,0.0,0.07230946032043334,0.0,0.0
43,0.011169006373909983,0.00022135511225567146,0.03269142678382893,0.0012736647468591317,0.0,0.002498449815933099,0.0004308394456206602,0.0,0.0012115177279608518,0.003704381295004218,0.0002199585500332382,0.0,0.001459407522442755,0.002351810782577607,0.016132388512437784,0.005319505505248281,0.020526671545324032,0.0007709023467831586,0.0,0.0002269413611454045,0.0006885051756595964,0.046866533341526496,0.04390861455441286,0.006609230717665396,0.0,0.00254802777482948,0.06363715078961629,0.003747674723899649,0.026298663210640692,0.03286041081274336,0.003385965108289435,0.0060457178609135765,0.0686766455692667,0.0042273938473054735,0.004321661797319718,0.0034900089938607127,0.008535788303512076,0.0003100368133801834,0.0004964778700750234,0.04783085955611667,0.004954304484081984,0.005915139293116066,0.0013036908346414468,0.4541361983341806,0.011133394037237936,0.0010613872890492763,0.0036261738105479555,0.0001724754344705074,0.0006598756500997146,0.0019139885258447804,0.01298872694974052,0.00011521638335074382,0.0013763120702079761,0.002165369725882767,0.0022645256436755285,0.004949416516303468,0.0015487875046784837,0.004621922675142868,0.010099239711526108,0.0003002608778231506,0.0
44,0.13051978519607746,6.562049725549202e-05,0.021097760061270444,0.006252123808934062,0.0,0.0007202850825508937,0.0,0.004321402417853459,0.0016035431371588544,9.057477085969322e-05,0.0033962458297865914,0.0013620104148663393,0.0007372293424055982,0.00431739741097871,0.007332551432760402,0.002185809521256882,5.422163153505444e-05,0.008161279778381405,0.0,0.00240023142778187,0.001976933008866161,0.0004300761228575909,0.02948270406973395,0.00011830174153102788,6.469626489978087e-05,0.001517281450625813,0.006223472605907016,0.0056073177020995795,0.00903159858000941,0.01630684760671572,6.4696264899780864e-06,0.004050294260178187,0.008526043481435408,4.6211617785557766e-05,0.0033361707266653666,0.0,0.002427958398453205,0.0026867434580523284,0.00039095028646581867,0.02477435637228942,0.05683166370758275,0.001959680671559553,0.005066025619104746,0.00016328104950897077,0.4188048012022415,0.08285311760517841,0.002337999782497319,4.467123052603917e-05,7.486282081260357e-05,0.0028256863888609053,0.014665410942972707,0.0010604025894525987,0.0009769135999866912,0.00017776068974844554,0.0036624247482314044,0.05929166216103394,0.025646215561176945,0.0009972467118123365,0.010924426444505855,1.3247330431859892e-05,0.0
45,0.12788197831779793,0.0,0.004630350162283407,0.003753209800198317,0.0,6.38573664171622e-05,0.00026676345711065596,0.00017249782097103556,0.0006219873352320994,0.00012218595652115018,0.010035005447226863,0.0004765805181956175,0.0008978732732594928,0.00185269294254468,0.006740131203390688,0.0009537139140225524,0.00016171670716034583,0.0035901108989596776,0.00014900052164004514,0.0035798826627803054,0.004106222167794491,0.001708391880770833,0.006247793672702524,0.00020539404003442214,0.0,0.00024934781172415715,0.002542960665244481,0.014889823927825143,0.007543185962879243,0.011672905430004724,0.0003040826972245819,0.004667116524766015,0.003952245747472589,0.00011499854731402372,0.002916982382830717,0.0003043591360402407,0.0002322086051533171,0.0009700238041464163,0.0005528776313174217,0.008219908183611766,0.04150369446655187,0.002066103708233205,0.000460823505703071,0.004823580894428845,0.07387550909663389,0.6076318675349426,0.00483104474245163,0.0,2.5155932224942686e-05,0.0,0.01373900913823793,0.00025404727159035527,0.0010001556350532157,0.00027118647816119535,0.0037183785094253197,0.003231293316234671,0.0023461362284954786,0.0010930390771145427,0.001691252674199993,0.0,8.735466574815263e-05
46,0.1499713837258143,0.0,0.024396294867984402,0.01742522309640368,0.0,0.0,0.0,0.0,0.0016088978190223302,0.000798308078140851,0.0039006560864236037,0.004974073409954533,0.009687775569807742,0.027397933241794004,0.0003954695402482369,0.0,0.0,0.009582153270238336,0.0,0.010542579296555483,0.004539302548936285,0.002957424387943337,0.030944877441287506,0.0,0.0,0.0008670853894883705,0.07167824008685592,0.021797495032067418,0.028596623525279342,0.07367278211593398,0.0,0.018078607554205116,0.04093969457961096,0.01324208876694562,0.006548582573303103,0.0,0.00975164021605901,0.005575874884245329,0.0006411027950608064,0.025617092144402873,0.023779755398404854,0.0015032755194529252,0.0043477086101824805,0.0002554585850050723,0.03820579645354706,0.03953221602953494,0.21200851856127687,0.0,0.0,0.0,0.021517473121581088,0.00011790396231003338,0.0,5.403931605876529e-05,0.020122276234245694,0.0014639741986829144,3.930132077001112e-05,0.0010660483258865517,0.018400387118009582,0.0,0.001456605201038537
47,0.002265232687508144,0.0,0.019956098587737673,0.03887313026424374,0.0,0.0021416137945320358,0.0,0.07797345200747059,0.0037152488916062775,0.0,0.0,0.011783887446668471,0.0,0.0020012896457483453,0.04088444306347663,0.0010958647809773913,0.0,0.0008386038415406255,0.025876441245944803,0.0,0.014386566301489776,0.0034212363893928307,0.08923947652410402,0.0,0.009642273652136435,0.00024389673479069984,0.13370552643272626,0.0,0.0030837902220796705,0.0391905301245878,0.021793676726571714,0.0012295068274380486,0.0380512316785107,0.008065297503900677,0.0002572609394367656,0.002732979850120445,0.0018876939062567864,0.0,0.0,0.05909651294490273,0.00033410511615164366,0.0012729404925377623,0.0004309955998356203,0.0,0.0031706575522790982,0.0050282819980822365,0.0,0.10124721439859409,0.04386131964838778,0.027095924919898297,0.02255543639139746,0.0,0.009017497084932862,0.08948671431005623,0.0,0.0,0.0,0.015682894152158153,0.016100525547347706,0.003501421617269225,0.0077813081551717815
48,0.00048319384388568755,5.169050422963169e-05,0.002330567516788177,0.05901482393764776,0.0006742239682125872,0.024618164492668935,0.0,0.016419601039203875,0.0,0.0,0.0,0.018644540134305415,0.001492282382977193,0.000788842042808727,0.05606846519655875,0.0,0.0,0.0,0.002031661557547263,0.0,2.2474132273752907e-06,0.0002854214798766619,0.04263567633653664,0.0005910696787997015,0.003836334379129621,0.025069894551371368,0.10637231546489989,0.0,0.0026856588067134726,0.005294905563696185,0.0,0.019195156375012356,0.1866476685335179,0.09489477611269428,0.0038992619494961295,0.002063125342730517,0.008922230512679905,0.0011933764237362793,0.0,0.03801499474105305,0.0001460818597793939,0.0,0.0,0.0,0.0006944506872589649,0.004809464306583122,0.0006292757036650815,0.00037082318251692296,0.19628457645250316,0.0023058459712870486,0.014262084340923594,0.0007124299930779672,0.0015417254739794495,0.009499815712115355,0.0013012522586502934,0.0,0.0,0.02653520797562006,0.01085275847499528,0.0,0.0058320373250388795
49,0.0026913941245944252,0.008167637914348313,0.01026944674947204,0.012031303215560538,0.003975310175175826,0.0025471338941920212,0.0053777705020444195,0.05416658042413763,0.0030871689306114568,0.0,0.00012481646021773264,0.0008172655661492743,0.0029090389069841398,0.0012607089700384048,0.06483556528998502,0.0,0.0,0.00121366759055936,0.0025421161470475895,0.0019732290645476723,0.0005481888755291372,0.005687616388213062,0.024673517145955608,0.0,0.013370414484730685,0.00017373949487593937,0.07337514371141432,0.0001110176555705461,0.0052322558348559065,0.01996185257733446,0.010895410705739865,0.002422317433974288,0.04766546178013362,0.012461575033195536,0.00412897868147404,0.004209262635784942,0.011079185694904667,0.00063474501377058,0.0,0.028165869158479902,0.0022065543067637354,0.001923051593103358,0.0022617495253524815,0.0005011474960500922,0.007808868993521463,0.01677370148544132,0.0,0.0062715567121462736,0.0030175476889824707,0.4567586231552724,0.009930121598829864,0.00010098216128168316,0.00015931347183569891,0.0056738175835658764,0.00013171586254132587,0.0003255263459949911,0.0023188263991203895,0.009738192770555359,0.021753188307896493,0.003722541162775091,0.0058362671473668444
50,0.0007973587321640057,5.0161896311359676e-05,0.04496009447494189,0.000416726218348272,0.0005624638925569988,4.791977824661003e-06,6.638427995631298e-06,3.701692961802353e-05,5.939414716621115e-05,0.0005181930515530206,8.221099570748693e-05,2.0003210185511528e-05,0.00037693961347379305,0.003038773387324708,0.0017127583859721839,1.7585239723526618e-05,0.00012665768910870046,0.0004912876347760249,1.7189571829747268e-05,0.00034387936279356305,0.0001456057849108004,5.97898150599905e-06,0.06667263392467951,0.0,9.236647164782356e-05,0.000258327171538606,0.0017154840981293304,8.177136471439878e-05,0.08916340815838181,0.042176658768402785,5.803129108763784e-05,0.0005932820251724792,0.001964579018813085,0.00014551785871218275,0.002212794677510663,1.4200081076747746e-05,3.8599601193140925e-05,0.00031802906039997886,0.0007195880094867092,0.08342705899746812,0.0006860441647140821,0.010171126803690561,0.006108848501357294,0.0002789898282137498,0.0004010313918950245,0.0007086411977588139,3.10819112113333e-05,8.792619861763309e-06,5.7415807697314405e-05,0.0001413413642778452,0.6143657604128029,0.0005013991476170527,1.0111512841027805e-05,1.0155475940336623e-05,0.0009584395280315095,4.4182914805360625e-05,0.0002968388465331293,3.3983475765715185e-05,0.021352833371192887,5.9965667457225766e-05,0.0003289758721278742
51,0.014239001900640088,0.0,0.054897379797679974,0.013055530288160016,0.00010149513828712591,0.000492155670562101,0.00013022017742499173,0.0003408704644360078,0.0004251305792404142,0.0,0.00021448029222939814,0.0,0.0036461649678997685,0.03713190059221456,0.004716651426437568,0.0,0.000139795190470947,0.003182734336475533,0.0,8.426011480440642e-05,0.0,0.00039353303618876173,0.12022673630892822,0.0,0.0,0.0,0.003027619125131058,0.0013012442729453217,0.030976124704969906,0.09399790307214294,0.0,0.013246073047774526,0.011845248639151271,0.001969580183553,0.10239997701996868,0.0,0.0,0.0011107015133308118,0.01065028701101605,0.0793155780674751,0.0039133078318819205,0.008982319738410642,0.025239734389138103,0.0,0.0035686073622275306,0.007432125126270485,0.0,0.0,0.0,0.0,0.032112678753524804,0.2534218702872983,0.0010819764741929459,0.002886866433355515,0.02837267865777467,0.0,0.0,9.192012524117064e-05,0.028983564490106615,0.0006539733910387452,0.0
52,0.00010182152203677707,0.0008449019913690012,0.025221407650045928,0.10172619976082775,0.002159916116397165,0.055592384616717797,0.015626354009601554,0.0676463196935822,0.000255637012773185,0.0,0.0,0.015752006100625663,0.0010463786200800708,0.00788575191944401,0.02109438638451273,0.0,0.0,0.0,0.0004961091180089777,0.0,0.0,0.009807362345967869,0.033358463751538156,0.0,0.0011676978803792093,0.0015294892459141408,0.1358992356886601,0.0,0.006336764935267509,0.01633693824849651,0.031198547635140992,0.0008925631293436628,0.0394785871505572,0.009982841990329122,0.005929478847120401,0.0,0.002703686372380804,0.0,0.0,0.009501897779857537,0.002084091578710203,0.0004376159032218929,0.00019064455189864643,0.000301131735385362,0.0014579975389521483,0.006102792076119171,0.0,0.002370058406558173,0.0008557340681814243,0.0038020589611605054,0.003856219345222621,0.002302899530321149,0.22514904937693894,0.09620617341721693,0.0015554862302639561,0.0,0.0,8.882302986186937e-05,0.03307466333905267,0.0,0.0005914313939583008
53,0.0026174724176890618,0.00040517450693119023,0.007320954588131469,0.031917076789965505,0.000748708365312552,0.017711914160134887,0.0,0.013924772850451518,0.0008426727685897297,0.0004217122419079735,0.0,0.02408270070232754,0.0007186397562638551,0.0,0.012844558070377085,0.00012403301232587457,0.0,0.0,3.758576131087108e-06,0.0002367902962584878,5.4123496287654354e-05,1.3530874071913589e-05,0.03251544211003457,0.0,0.010930691104427527,0.0036202605294631024,0.039083929756722396,0.00042847767894393034,0.004210356982043778,0.018768074052970367,0.0041832952338999516,0.007299154846571164,0.07519557750898112,0.0038976434479373314,0.0028692970184718983,0.0,0.017061680489456818,0.007111226040016808,0.0005547658369484572,0.04046708577296246,0.0006562473924878091,0.0028196838135415483,0.0021371263881361296,2.405488723895749e-05,0.0003472924345124488,0.0020499274218949088,0.0,0.010503716855936032,0.00433814857050074,0.004005890440512639,0.004141199181231775,0.0006600059686188961,0.007223231608723205,0.5610832517095884,6.464750945469826e-05,0.0010621736146452167,0.0,0.006124975663219552,0.005017699135001289,0.0019995625017383417,0.003555613020008404
54,0.030226182496124684,4.6804956219364026e-05,0.06455319923331518,0.00015317985671791864,0.0,0.0005030714525116259,4.647764883321463e-05,2.127498009971092e-05,0.0,0.0010539297834010642,0.006374638652645691,0.0003551285139720977,0.0026043848715907665,0.09533285851941849,0.0003891684821316352,0.001760259122711467,0.00013583256525200052,0.0011390297037999078,0.0,0.00785046765679333,1.8983828396665132e-05,0.0014358975030374125,0.06600677133520466,8.935491641878587e-05,9.099145334953288e-05,0.00012601334366751856,0.0009969782982110688,0.0007240039381624702,0.035438225313167704,0.07204722914659181,7.789915790355692e-05,0.0008627822698898152,0.001873507478319159,6.709801416062675e-05,0.06946510117725921,0.0001623444635301018,0.0003076689429804349,0.0015353989484268298,0.005897097176253719,0.07700135374334911,0.008713249926683146,0.004596704931082157,0.009828713498680298,0.0002467897691566467,0.006018528216515145,0.010155366270057397,0.0011691419833256525,0.0,0.0,0.0006029002052871926,0.01856585686455235,0.005042170283631488,0.0009887956135573338,0.0005204187439775441,0.3613398262390548,0.00021635018224475263,5.0078030080858015e-05,0.0,0.024867833277472873,8.509992039884369e-06,0.0002981770287821023
55,0.032367835802899175,0.0,0.01020318596629983,0.016250442341327664,0.0,0.00011364591812504564,0.0,0.0028587030136495222,0.0006430695854880631,0.0,0.00025501035286595603,0.00031968689163630723,0.0,0.0033345375488885343,0.01497816242865947,0.0006550809426882712,0.0006513851404728226,0.010414770643134265,0.0004351807108690772,0.0003575688643446558,0.0005839367500408849,0.014777665158471382,0.011789609067281158,0.0005201841618243959,0.0,0.0005931762555795065,0.02905270121564175,0.003814067886342995,0.010882289623388518,0.017665934589844494,3.5110121046762065e-05,0.0057562119505612545,0.0016908295135677522,0.0011327633790350078,0.0047916075723291604,0.0,0.0015799554471042931,0.000688343162627309,0.0,0.02186898565936346,0.010426782000334473,0.0013175534898074396,0.03152149709556144,0.02174979603791524,0.13971148720005103,0.034029098898743344,0.0014016329902088963,0.0,0.00019680146797264,0.0,0.0029474022668202894,0.0013240211436844748,0.002527928715366869,0.001134611280142732,0.000833403399583668,0.4228025452989858,0.08238035533290401,0.0029963716461749836,0.018236012081577446,0.0,0.0034010619887666097
56,0.032259423283952864,0.0,0.032648315274834964,0.003918307212917875,0.0010932077124040872,0.007241031729472233,0.0022442104561987124,0.00026448573687195653,0.00038987156768532856,0.004745070034843546,0.0019483782616234132,0.0036753721657169667,0.0,0.019743370469089944,0.015482211375041754,0.007694575789367476,0.014495777534189678,0.001071657022733039,6.367249220991547e-05,0.0029181592968205872,0.0012401442328885074,0.0048273544863148225,0.06469419081568381,0.0013929582141923044,0.0007748452513545098,0.000392810298095017,0.009870215869340128,0.0008630071636451619,0.012818742047060827,0.034908198959885346,8.13048746680459e-05,0.015444007879715803,0.01945243615853079,0.00044472786866617877,0.003922225520130793,0.0,0.0007003974143090701,0.000783661442583575,0.0026262454094582053,0.03914388905704957,0.021291101818192503,0.00016065059572963286,0.0034716201906452374,0.015561557096103339,0.08429062476428933,0.07502970566655792,0.0025439609579869303,0.00011754921638753625,0.0005397468185794373,0.00016065059572963286,0.009658627279842562,0.0006357453452959252,0.0002781998121171691,0.0003702800316207392,0.005984234690928824,0.1446962283354345,0.25673532520480496,0.0004006469125208527,0.009148267765360008,0.002646816522326024,0.0
57,0.0027812987122481578,0.00022610626802981924,0.010200650151328327,0.014451639605770311,0.0019190290460327454,0.00789072552327793,0.027812987122481578,9.197543106297732e-05,0.0008546050469601643,0.0018002274475763997,0.0,0.01561761980997493,0.0,0.00027496821578202593,0.03734777347601023,0.0,0.0,7.760426995938712e-05,0.002662497113791812,0.0,0.0013441826018891372,0.006928815806744291,0.022739967252914235,0.0,0.008242339931612436,0.001328853363378641,0.3250507541506309,0.0005039487160325633,0.0009350835491402694,0.018913406089731615,0.018095207984233884,0.001686216236154584,0.13078810489414686,0.06010690227706258,0.00023472896469197335,0.008598744726981473,0.011957764115593957,0.0025609409086597744,0.001038555909086119,0.006761152260535738,1.7245393324308248e-05,0.002388486975416692,0.007769049692600866,0.002561898986066681,0.0009839454968924761,0.001036639754272307,0.0,0.00930868008549883,0.002178668023304275,0.0017839401316589976,0.0028895614592285373,0.0,0.000698438429634484,0.009447601309500201,9.10173536560713e-05,0.0,0.00012646621771159383,0.19541138406736439,0.00836880614932403,0.001597115037312325,0.0015156784577253137
58,0.0006645757538510214,0.0,0.18788737766593192,0.00016154525293788667,1.0511281199699826e-06,1.0971149752186692e-05,0.0,0.00024399311484803217,0.0,0.0001398657354635058,0.00029832329954898064,0.0,0.0004977748603132848,0.0058244979992761675,0.0006393486789717418,0.0002288831481234637,0.0,0.00010057982197962769,0.0,6.608968054311264e-05,8.606111482254231e-06,0.00048029985531878385,0.0744220388456222,0.0,1.78691780394897e-05,0.0,0.0003071264975537293,2.8774632284178268e-05,0.031023586592361548,0.08785558760985357,0.00010084260400962019,0.0001775749567674289,0.000172319316167579,7.154240766545692e-05,0.009689693182928286,0.0,6.0834039943262735e-05,3.6789484198949386e-06,0.006911890039385114,0.09348175087199291,0.00033268204997049947,0.0071982567565694365,0.02715484385130453,0.0002742787438046673,0.001762347684144672,0.00029004566560421704,0.00013513565892364087,0.0,0.0001146386605842262,0.00026238785694750687,0.020418360816939405,0.00026159951085752935,3.1533843599099475e-06,0.0001294201497713041,0.0033551352634366856,2.9365891851661384e-05,0.00023407309321581547,3.8760349423893105e-06,0.4364391694747664,2.233647254936213e-05,0.0
59,0.0007135693263839794,0.011185281399516616,0.0053682116374278626,0.005147892997484422,0.007893655152003421,0.0,0.022426464543496494,0.0021160454448299107,0.0,0.0,0.0,0.01580539616250966,0.0,0.02803143651041581,0.38505943670771614,0.0,0.0026898604100557377,0.0,0.031607503987109715,0.0,0.0,0.00027622038440670166,0.012716002696437087,0.0,0.030477959915160883,0.0006626000887851236,0.17105769388862402,0.0,0.0022311372716660367,0.01500633005047599,0.04168790384899953,0.006267572055704444,0.006785485276467011,0.015425593133950448,0.00039460054915243094,0.006254418704066031,0.0013531510498018778,0.0,0.0,0.006838098683020668,0.0012298383781917431,0.0006478025681919074,0.0010670656516663653,4.439256177964848e-05,0.0016951381924006513,0.009118561023330758,0.0,0.0,0.0002844412291807106,0.003955870505253121,0.003048289242202529,0.0,0.0016934940234458497,0.001640880616892192,0.0,0.001134476578813239,0.0,0.00841485671067559,0.0036549875865243913,0.1268903832557834,0.0
60,0.007635327927217216,0.007125623043783394,0.025539032124214316,0.03057717034388431,0.00099635778721486,0.01549605298881723,0.004005921797439694,0.021945484629452238,0.0020874848241133957,0.0,0.000688998058511047,0.003053106638457874,0.0,0.012081798669132374,0.05691021510058347,6.659460788582611e-05,0.001844158372222877,0.002046503526952887,0.007007801814446933,0.0,0.0003867609919522978,0.0,0.02224003770279339,7.683993217595321e-05,0.007845357075164821,0.004208266952169704,0.14007663502569018,0.0,0.029744737745311486,0.05232030981860654,0.005704084298528259,0.034526742857728304,0.1353945218251021,0.09299936991255615,0.0014625200424156428,0.0,0.017852477575546463,0.0,0.0003534636880093847,0.03623771201417953,0.004005921797439694,0.004897265010680751,0.0012704202119757598,0.0002510104451081138,0.0,0.0005609315048844584,0.0,0.007325406867440872,0.01212021863522035,0.0155985062317185,0.0,0.0012755428741208234,0.0009195178550389067,0.010127503060790632,0.0,0.004741023815256313,0.0,0.009953332547858471,0.00970744476489542,0.0,0.13670848466531088
